t,day,dayn,hour,weekend,glucose,true_trend,true_cycle,true_season
0,0,1,0,0,152,150,0,0
1,0.0104,1,0.25,0,153,149.988,0,0
2,0.0208,1,0.5,0,151,149.975,0,0
3,0.0312,1,0.75,0,149,149.963,0,0
4,0.0417,1,1,0,152,149.95,0,0
5,0.0521,1,1.25,0,154,149.938,0,0
6,0.0625,1,1.5,0,156,149.925,0,0.001
7,0.0729,1,1.75,0,152,149.912,0,0.003
8,0.0833,1,2,0,148,149.9,0,0.007
9,0.0938,1,2.25,0,151,149.887,0,0.015
10,0.1042,1,2.5,0,151,149.875,0,0.035
11,0.1146,1,2.75,0,150,149.863,0,0.073
12,0.125,1,3,0,147,149.85,0,0.147
13,0.1354,1,3.25,0,145,149.838,0,0.278
14,0.1458,1,3.5,0,146,149.825,0,0.497
15,0.1562,1,3.75,0,146,149.812,0,0.843
16,0.1667,1,4,0,147,149.8,0,1.352
17,0.1771,1,4.25,0,155,149.787,0,2.051
18,0.1875,1,4.5,0,157,149.775,0,2.943
19,0.1979,1,4.75,0,162,149.762,0,3.995
20,0.2083,1,5,0,163,149.75,0,5.129
21,0.2188,1,5.25,0,163,149.738,0,6.23
22,0.2292,1,5.5,0,156,149.725,0,7.159
23,0.2396,1,5.75,0,158,149.713,0,7.781
24,0.25,1,6,0,156,149.7,0,8
25,0.2604,1,6.25,0,152,149.688,0,7.781
26,0.2708,1,6.5,0,152,149.675,0,7.159
27,0.2812,1,6.75,0,156,149.662,0,8.101
28,0.2917,1,7,0,179,149.65,0,30.141
29,0.3021,1,7.25,0,202,149.637,0,40.813
30,0.3125,1,7.5,0,202,149.625,0,44.369
31,0.3229,1,7.75,0,187,149.613,0,43.684
32,0.3333,1,8,0,183,149.6,0,40.655
33,0.3438,1,8.25,0,177,149.588,0,36.497
34,0.3542,1,8.5,0,171,149.575,0,31.961
35,0.3646,1,8.75,0,168,149.562,0,27.486
36,0.375,1,9,0,165,149.55,0,23.313
37,0.3854,1,9.25,0,165,149.537,0,19.558
38,0.3958,1,9.5,0,166,149.525,0,16.26
39,0.4062,1,9.75,0,150,149.512,0,13.417
40,0.4167,1,10,0,147,149.5,0,11
41,0.4271,1,10.25,0,161,149.488,0,8.967
42,0.4375,1,10.5,0,154,149.475,0,7.274
43,0.4479,1,10.75,0,153,149.463,0,5.875
44,0.4583,1,11,0,156,149.45,0,4.727
45,0.4688,1,11.25,0,154,149.438,0,3.791
46,0.4792,1,11.5,0,155,149.425,0,3.03
47,0.4896,1,11.75,0,156,149.412,0,2.416
48,0.5,1,12,0,154,149.4,0,1.921
49,0.5104,1,12.25,0,156,149.387,0,1.524
50,0.5208,1,12.5,0,159,149.375,0,1.207
51,0.5312,1,12.75,0,166,149.363,0,12.56
52,0.5417,1,13,0,170,149.35,0,21.102
53,0.5521,1,13.25,0,169,149.338,0,24.761
54,0.5625,1,13.5,0,170,149.325,0,25.404
55,0.5729,1,13.75,0,154,149.312,0,24.278
56,0.5833,1,14,0,157,149.3,0,22.205
57,0.5938,1,14.25,0,156,149.287,0,19.709
58,0.6042,1,14.5,0,157,149.275,0,17.117
59,0.6146,1,14.75,0,152,149.262,0,14.623
60,0.625,1,15,0,157,149.25,0,12.332
61,0.6354,1,15.25,0,161,149.238,0,10.293
62,0.6458,1,15.5,0,159,149.225,0,8.517
63,0.6562,1,15.75,0,160,149.213,0,6.997
64,0.6667,1,16,0,157,149.2,0,5.713
65,0.6771,1,16.25,0,154,149.188,0,4.641
66,0.6875,1,16.5,0,152,149.175,0,3.752
67,0.6979,1,16.75,0,152,149.162,0,3.022
68,0.7083,1,17,0,154,149.15,0,2.425
69,0.7188,1,17.25,0,149,149.137,0,1.94
70,0.7292,1,17.5,0,151,149.125,0,1.548
71,0.7396,1,17.75,0,144,149.113,0,1.231
72,0.75,1,18,0,144,149.1,0,0.978
73,0.7604,1,18.25,0,142,149.088,0,0.774
74,0.7708,1,18.5,0,201,149.075,0,36.371
75,0.7812,1,18.75,0,230,149.062,0,57.749
76,0.7917,1,19,0,226,149.05,0,66.618
77,0.8021,1,19.25,0,227,149.037,0,67.788
78,0.8125,1,19.5,0,206,149.025,0,64.472
79,0.8229,1,19.75,0,197,149.012,0,58.777
80,0.8333,1,20,0,198,149,0,52.052
81,0.8438,1,20.25,0,199,148.988,0,45.131
82,0.8542,1,20.5,0,196,148.975,0,38.506
83,0.8646,1,20.75,0,181,148.963,0,32.44
84,0.875,1,21,0,178,148.95,0,27.051
85,0.8854,1,21.25,0,168,148.938,0,22.368
86,0.8958,1,21.5,0,157,148.925,0,18.365
87,0.9062,1,21.75,0,150,148.912,0,14.988
88,0.9167,1,22,0,148,148.9,0,12.169
89,0.9271,1,22.25,0,156,148.887,0,9.836
90,0.9375,1,22.5,0,146,148.875,0,7.919
91,0.9479,1,22.75,0,152,148.863,0,6.353
92,0.9583,1,23,0,149,148.85,0,5.081
93,0.9688,1,23.25,0,151,148.838,0,4.052
94,0.9792,1,23.5,0,150,148.825,0,3.223
95,0.9896,1,23.75,0,151,148.812,0,2.558
96,1,2,0,0,155,148.8,0,0
97,1.0104,2,0.25,0,152,148.787,0,0
98,1.0208,2,0.5,0,149,148.775,0,0
99,1.0312,2,0.75,0,146,148.762,0,0
100,1.0417,2,1,0,148,148.75,0,0
101,1.0521,2,1.25,0,156,148.738,0,0
102,1.0625,2,1.5,0,154,148.725,0,0.001
103,1.0729,2,1.75,0,154,148.713,0,0.003
104,1.0833,2,2,0,152,148.7,0,0.007
105,1.0938,2,2.25,0,155,148.688,0,0.015
106,1.1042,2,2.5,0,157,148.675,0,0.035
107,1.1146,2,2.75,0,157,148.662,0,0.073
108,1.125,2,3,0,159,148.65,0,0.147
109,1.1354,2,3.25,0,163,148.637,0,0.278
110,1.1458,2,3.5,0,157,148.625,0,0.497
111,1.1562,2,3.75,0,159,148.613,0,0.843
112,1.1667,2,4,0,159,148.6,0,1.352
113,1.1771,2,4.25,0,166,148.588,0,2.051
114,1.1875,2,4.5,0,158,148.575,0,2.943
115,1.1979,2,4.75,0,159,148.562,0,3.995
116,1.2083,2,5,0,164,148.55,0,5.129
117,1.2188,2,5.25,0,163,148.537,0,6.23
118,1.2292,2,5.5,0,166,148.525,0,7.159
119,1.2396,2,5.75,0,168,148.512,0,7.781
120,1.25,2,6,0,165,148.5,0,8
121,1.2604,2,6.25,0,168,148.488,0,7.781
122,1.2708,2,6.5,0,166,148.475,0,7.159
123,1.2812,2,6.75,0,168,148.463,0,6.23
124,1.2917,2,7,0,163,148.45,0,5.129
125,1.3021,2,7.25,0,164,148.438,0,14.683
126,1.3125,2,7.5,0,177,148.425,0,27.391
127,1.3229,2,7.75,0,196,148.412,0,32.956
128,1.3333,2,8,0,203,148.4,0,34.144
129,1.3438,2,8.25,0,203,148.387,0,32.789
130,1.3542,2,8.5,0,190,148.375,0,30.078
131,1.3646,2,8.75,0,180,148.363,0,26.761
132,1.375,2,9,0,176,148.35,0,23.296
133,1.3854,2,9.25,0,169,148.338,0,19.947
134,1.3958,2,9.5,0,157,148.325,0,16.861
135,1.4062,2,9.75,0,155,148.312,0,14.103
136,1.4167,2,10,0,153,148.3,0,11.694
137,1.4271,2,10.25,0,159,148.287,0,9.626
138,1.4375,2,10.5,0,145,148.275,0,7.873
139,1.4479,2,10.75,0,149,148.262,0,6.405
140,1.4583,2,11,0,141,148.25,0,5.186
141,1.4688,2,11.25,0,139,148.238,0,4.182
142,1.4792,2,11.5,0,137,148.225,0,3.36
143,1.4896,2,11.75,0,142,148.213,0,2.69
144,1.5,2,12,0,139,148.2,0,2.148
145,1.5104,2,12.25,0,136,148.188,0,1.71
146,1.5208,2,12.5,0,145,148.175,0,5.2
147,1.5312,2,12.75,0,143,148.162,0,21.782
148,1.5417,2,13,0,158,148.15,0,30.015
149,1.5521,2,13.25,0,166,148.137,0,32.973
150,1.5625,2,13.5,0,167,148.125,0,32.73
151,1.5729,2,13.75,0,158,148.113,0,30.666
152,1.5833,2,14,0,168,148.1,0,27.677
153,1.5938,2,14.25,0,170,148.088,0,24.335
154,1.6042,2,14.5,0,170,148.075,0,20.986
155,1.6146,2,14.75,0,174,148.062,0,17.829
156,1.625,2,15,0,172,148.05,0,14.97
157,1.6354,2,15.25,0,169,148.037,0,12.449
158,1.6458,2,15.5,0,156,148.025,0,10.27
159,1.6562,2,15.75,0,147,148.012,0,8.415
160,1.6667,2,16,0,155,148,0,6.857
161,1.6771,2,16.25,0,152,147.988,0,5.559
162,1.6875,2,16.5,0,152,147.975,0,4.487
163,1.6979,2,16.75,0,146,147.963,0,3.608
164,1.7083,2,17,0,147,147.95,0,2.892
165,1.7188,2,17.25,0,146,147.938,0,2.311
166,1.7292,2,17.5,0,148,147.925,0,1.841
167,1.7396,2,17.75,0,151,147.912,0,1.464
168,1.75,2,18,0,141,147.9,0,1.161
169,1.7604,2,18.25,0,142,147.887,0,0.919
170,1.7708,2,18.5,0,145,147.875,0,0.726
171,1.7812,2,18.75,0,155,147.863,0,14.19
172,1.7917,2,19,0,192,147.85,0,41.96
173,1.8021,2,19.25,0,201,147.838,0,55.425
174,1.8125,2,19.5,0,208,147.825,0,59.89
175,1.8229,2,19.75,0,191,147.812,0,58.929
176,1.8333,2,20,0,198,147.8,0,54.911
177,1.8438,2,20.25,0,199,147.787,0,49.376
178,1.8542,2,20.5,0,202,147.775,0,43.296
179,1.8646,2,20.75,0,183,147.762,0,37.26
180,1.875,2,21,0,183,147.75,0,31.606
181,1.8854,2,21.25,0,179,147.738,0,26.502
182,1.8958,2,21.5,0,182,147.725,0,22.015
183,1.9062,2,21.75,0,172,147.713,0,18.146
184,1.9167,2,22,0,170,147.7,0,14.858
185,1.9271,2,22.25,0,178,147.688,0,12.098
186,1.9375,2,22.5,0,165,147.675,0,9.803
187,1.9479,2,22.75,0,167,147.662,0,7.909
188,1.9583,2,23,0,158,147.65,0,6.357
189,1.9688,2,23.25,0,158,147.637,0,5.093
190,1.9792,2,23.5,0,157,147.625,0,4.068
191,1.9896,2,23.75,0,152,147.613,0,3.241
192,2,3,0,0,145,147.6,0,0
193,2.0104,3,0.25,0,145,147.588,0,0
194,2.0208,3,0.5,0,140,147.575,0,0
195,2.0312,3,0.75,0,135,147.562,0,0
196,2.0417,3,1,0,137,147.55,0,0
197,2.0521,3,1.25,0,135,147.537,0,0
198,2.0625,3,1.5,0,136,147.525,0,0.001
199,2.0729,3,1.75,0,142,147.512,0,0.003
200,2.0833,3,2,0,145,147.5,0,0.007
201,2.0938,3,2.25,0,148,147.488,0,0.015
202,2.1042,3,2.5,0,141,147.475,0,0.035
203,2.1146,3,2.75,0,139,147.463,0,0.073
204,2.125,3,3,0,137,147.45,0,0.147
205,2.1354,3,3.25,0,145,147.438,0,0.278
206,2.1458,3,3.5,0,139,147.425,0,0.497
207,2.1562,3,3.75,0,144,147.412,0,0.843
208,2.1667,3,4,0,147,147.4,0,1.352
209,2.1771,3,4.25,0,152,147.387,0,2.051
210,2.1875,3,4.5,0,149,147.375,0,2.943
211,2.1979,3,4.75,0,142,147.363,0,3.995
212,2.2083,3,5,0,149,147.35,0,5.129
213,2.2188,3,5.25,0,149,147.338,0,6.23
214,2.2292,3,5.5,0,150,147.325,0,7.159
215,2.2396,3,5.75,0,151,147.312,0,7.781
216,2.25,3,6,0,152,147.3,0,8
217,2.2604,3,6.25,0,149,147.287,0,7.781
218,2.2708,3,6.5,0,153,147.275,0,7.159
219,2.2812,3,6.75,0,154,147.262,0,6.23
220,2.2917,3,7,0,149,147.25,0,5.129
221,2.3021,3,7.25,0,147,147.238,0,3.995
222,2.3125,3,7.5,0,140,147.225,0,2.943
223,2.3229,3,7.75,0,153,147.213,0,14.787
224,2.3333,3,8,0,168,147.2,0,29.028
225,2.3438,3,8.25,0,185,147.188,0,35.462
226,2.3542,3,8.5,0,184,147.175,0,37.064
227,2.3646,3,8.75,0,182,147.162,0,35.811
228,2.375,3,9,0,173,147.15,0,32.996
229,2.3854,3,9.25,0,165,147.137,0,29.451
230,2.3958,3,9.5,0,161,147.125,0,25.692
231,2.4062,3,9.75,0,168,147.113,0,22.03
232,2.4167,3,10,0,173,147.1,0,18.635
233,2.4271,3,10.25,0,154,147.088,0,15.593
234,2.4375,3,10.5,0,156,147.075,0,12.931
235,2.4479,3,10.75,0,154,147.062,0,10.644
236,2.4583,3,11,0,149,147.05,0,8.705
237,2.4688,3,11.25,0,142,147.037,0,7.081
238,2.4792,3,11.5,0,143,147.025,0,5.733
239,2.4896,3,11.75,0,149,147.012,0,4.622
240,2.5,3,12,0,146,147,0,3.712
241,2.5104,3,12.25,0,150,146.988,0,2.972
242,2.5208,3,12.5,0,148,146.975,0,2.373
243,2.5312,3,12.75,0,156,146.963,0,9.602
244,2.5417,3,13,0,164,146.95,0,25.5
245,2.5521,3,13.25,0,168,146.938,0,33.122
246,2.5625,3,13.5,0,171,146.925,0,35.546
247,2.5729,3,13.75,0,184,146.912,0,34.847
248,2.5833,3,14,0,181,146.9,0,32.395
249,2.5938,3,14.25,0,169,146.887,0,29.083
250,2.6042,3,14.5,0,165,146.875,0,25.472
251,2.6146,3,14.75,0,161,146.863,0,21.902
252,2.625,3,15,0,163,146.85,0,18.565
253,2.6354,3,15.25,0,159,146.838,0,15.559
254,2.6458,3,15.5,0,162,146.825,0,12.918
255,2.6562,3,15.75,0,158,146.812,0,10.644
256,2.6667,3,16,0,152,146.8,0,8.712
257,2.6771,3,16.25,0,146,146.787,0,7.092
258,2.6875,3,16.5,0,149,146.775,0,5.745
259,2.6979,3,16.75,0,152,146.762,0,4.634
260,2.7083,3,17,0,152,146.75,0,3.724
261,2.7188,3,17.25,0,149,146.738,0,2.983
262,2.7292,3,17.5,0,150,146.725,0,2.382
263,2.7396,3,17.75,0,152,146.713,0,1.898
264,2.75,3,18,0,149,146.7,0,1.508
265,2.7604,3,18.25,0,149,146.688,0,1.196
266,2.7708,3,18.5,0,149,146.675,0,0.946
267,2.7812,3,18.75,0,146,146.662,0,0.747
268,2.7917,3,19,0,166,146.65,0,25.49
269,2.8021,3,19.25,0,183,146.637,0,50.206
270,2.8125,3,19.5,0,203,146.625,0,61.434
271,2.8229,3,19.75,0,207,146.613,0,64.262
272,2.8333,3,20,0,208,146.6,0,62.105
273,2.8438,3,20.25,0,190,146.588,0,57.214
274,2.8542,3,20.5,0,183,146.575,0,51.042
275,2.8646,3,20.75,0,182,146.562,0,44.499
276,2.875,3,21,0,174,146.55,0,38.127
277,2.8854,3,21.25,0,173,146.537,0,32.228
278,2.8958,3,21.5,0,172,146.525,0,26.948
279,2.9062,3,21.75,0,164,146.512,0,22.333
280,2.9167,3,22,0,151,146.5,0,18.372
281,2.9271,3,22.25,0,156,146.488,0,15.018
282,2.9375,3,22.5,0,150,146.475,0,12.211
283,2.9479,3,22.75,0,145,146.463,0,9.882
284,2.9583,3,23,0,155,146.45,0,7.964
285,2.9688,3,23.25,0,154,146.438,0,6.395
286,2.9792,3,23.5,0,148,146.425,0,5.119
287,2.9896,3,23.75,0,147,146.412,0,4.086
288,3,4,0,0,143,146.4,0,0
289,3.0104,4,0.25,0,143,146.387,0,0
290,3.0208,4,0.5,0,149,146.375,0,0
291,3.0312,4,0.75,0,144,146.363,0,0
292,3.0417,4,1,0,150,146.35,0,0
293,3.0521,4,1.25,0,152,146.338,0,0
294,3.0625,4,1.5,0,155,146.325,0,0.001
295,3.0729,4,1.75,0,145,146.312,0,0.003
296,3.0833,4,2,0,148,146.3,0,0.007
297,3.0938,4,2.25,0,150,146.287,0,0.015
298,3.1042,4,2.5,0,154,146.275,0,0.035
299,3.1146,4,2.75,0,146,146.262,0,0.073
300,3.125,4,3,0,150,146.25,0,0.147
301,3.1354,4,3.25,0,146,146.238,0,0.278
302,3.1458,4,3.5,0,144,146.225,0,0.497
303,3.1562,4,3.75,0,145,146.213,0,0.843
304,3.1667,4,4,0,140,146.2,0,1.352
305,3.1771,4,4.25,0,144,146.188,0,2.051
306,3.1875,4,4.5,0,143,146.175,0,2.943
307,3.1979,4,4.75,0,148,146.162,0,3.995
308,3.2083,4,5,0,148,146.15,0,5.129
309,3.2188,4,5.25,0,146,146.137,0,6.23
310,3.2292,4,5.5,0,147,146.125,0,7.159
311,3.2396,4,5.75,0,146,146.113,0,7.781
312,3.25,4,6,0,150,146.1,0,8
313,3.2604,4,6.25,0,149,146.088,0,7.781
314,3.2708,4,6.5,0,144,146.075,0,7.159
315,3.2812,4,6.75,0,142,146.062,0,6.23
316,3.2917,4,7,0,136,146.05,0,5.129
317,3.3021,4,7.25,0,147,146.037,0,3.995
318,3.3125,4,7.5,0,144,146.025,0,2.943
319,3.3229,4,7.75,0,159,146.012,0,15.698
320,3.3333,4,8,0,186,146,0,31.739
321,3.3438,4,8.25,0,185,145.988,0,39.048
322,3.3542,4,8.5,0,190,145.975,0,40.94
323,3.3646,4,8.75,0,182,145.963,0,39.625
324,3.375,4,9,0,182,145.95,0,36.551
325,3.3854,4,9.25,0,173,145.938,0,32.648
326,3.3958,4,9.5,0,168,145.925,0,28.496
327,3.4062,4,9.75,0,163,145.912,0,24.442
328,3.4167,4,10,0,164,145.9,0,20.682
329,3.4271,4,10.25,0,165,145.887,0,17.309
330,3.4375,4,10.5,0,173,145.875,0,14.357
331,3.4479,4,10.75,0,174,145.863,0,11.819
332,3.4583,4,11,0,172,145.85,0,9.667
333,3.4688,4,11.25,0,168,145.838,0,7.864
334,3.4792,4,11.5,0,162,145.825,0,6.367
335,3.4896,4,11.75,0,154,145.812,0,5.134
336,3.5,4,12,0,157,145.8,0,4.124
337,3.5104,4,12.25,0,156,145.787,0,3.302
338,3.5208,4,12.5,0,160,145.775,0,2.636
339,3.5312,4,12.75,0,154,145.762,0,2.099
340,3.5417,4,13,0,164,145.75,0,14.334
341,3.5521,4,13.25,0,190,145.738,0,29.069
342,3.5625,4,13.5,0,199,145.725,0,35.814
343,3.5729,4,13.75,0,195,145.713,0,37.577
344,3.5833,4,14,0,185,145.7,0,36.378
345,3.5938,4,14.25,0,186,145.688,0,33.55
346,3.6042,4,14.5,0,181,145.675,0,29.954
347,3.6146,4,14.75,0,169,145.662,0,26.129
348,3.625,4,15,0,168,145.65,0,22.397
349,3.6354,4,15.25,0,157,145.637,0,18.939
350,3.6458,4,15.5,0,146,145.625,0,15.84
351,3.6562,4,15.75,0,153,145.613,0,13.131
352,3.6667,4,16,0,160,145.6,0,10.804
353,3.6771,4,16.25,0,159,145.588,0,8.833
354,3.6875,4,16.5,0,162,145.575,0,7.183
355,3.6979,4,16.75,0,156,145.562,0,5.814
356,3.7083,4,17,0,159,145.55,0,4.686
357,3.7188,4,17.25,0,159,145.537,0,3.763
358,3.7292,4,17.5,0,150,145.525,0,3.013
359,3.7396,4,17.75,0,146,145.512,0,2.405
360,3.75,4,18,0,145,145.5,0,1.914
361,3.7604,4,18.25,0,138,145.488,0,1.52
362,3.7708,4,18.5,0,132,145.475,0,1.205
363,3.7812,4,18.75,0,135,145.463,0,0.953
364,3.7917,4,19,0,154,145.45,0,15.502
365,3.8021,4,19.25,0,173,145.438,0,35.055
366,3.8125,4,19.5,0,174,145.425,0,44.211
367,3.8229,4,19.75,0,194,145.412,0,46.864
368,3.8333,4,20,0,194,145.4,0,45.63
369,3.8438,4,20.25,0,199,145.387,0,42.238
370,3.8542,4,20.5,0,197,145.375,0,37.807
371,3.8646,4,20.75,0,196,145.363,0,33.04
372,3.875,4,21,0,187,145.35,0,28.362
373,3.8854,4,21.25,0,170,145.338,0,24.01
374,3.8958,4,21.5,0,151,145.325,0,20.1
375,3.9062,4,21.75,0,155,145.312,0,16.675
376,3.9167,4,22,0,157,145.3,0,13.728
377,3.9271,4,22.25,0,163,145.287,0,11.231
378,3.9375,4,22.5,0,155,145.275,0,9.137
379,3.9479,4,22.75,0,151,145.262,0,7.398
380,3.9583,4,23,0,153,145.25,0,5.965
381,3.9688,4,23.25,0,151,145.238,0,4.792
382,3.9792,4,23.5,0,150,145.225,0,3.837
383,3.9896,4,23.75,0,142,145.213,0,3.064
384,4,5,0,0,137,145.2,0,0
385,4.0104,5,0.25,0,135,145.188,0,0
386,4.0208,5,0.5,0,144,145.175,0,0
387,4.0312,5,0.75,0,142,145.162,0,0
388,4.0417,5,1,0,132,145.15,0,0
389,4.0521,5,1.25,0,144,145.137,0,0
390,4.0625,5,1.5,0,141,145.125,0,0.001
391,4.0729,5,1.75,0,136,145.113,0,0.003
392,4.0833,5,2,0,139,145.1,0,0.007
393,4.0938,5,2.25,0,145,145.088,0,0.015
394,4.1042,5,2.5,0,146,145.075,0,0.035
395,4.1146,5,2.75,0,141,145.062,0,0.073
396,4.125,5,3,0,145,145.05,0,0.147
397,4.1354,5,3.25,0,144,145.037,0,0.278
398,4.1458,5,3.5,0,151,145.025,0,0.497
399,4.1562,5,3.75,0,147,145.012,0,0.843
400,4.1667,5,4,0,153,145,0,1.352
401,4.1771,5,4.25,0,155,144.988,0,2.051
402,4.1875,5,4.5,0,155,144.975,0,2.943
403,4.1979,5,4.75,0,157,144.963,0,3.995
404,4.2083,5,5,0,160,144.95,0,5.129
405,4.2188,5,5.25,0,159,144.938,0,6.23
406,4.2292,5,5.5,0,165,144.925,0,7.159
407,4.2396,5,5.75,0,160,144.912,0,7.781
408,4.25,5,6,0,161,144.9,0,8
409,4.2604,5,6.25,0,163,144.887,0,7.781
410,4.2708,5,6.5,0,162,144.875,0,7.159
411,4.2812,5,6.75,0,162,144.863,0,6.23
412,4.2917,5,7,0,158,144.85,0,5.129
413,4.3021,5,7.25,0,152,144.838,0,3.995
414,4.3125,5,7.5,0,162,144.825,0,9.172
415,4.3229,5,7.75,0,183,144.812,0,24.972
416,4.3333,5,8,0,184,144.8,0,32.501
417,4.3438,5,8.25,0,176,144.787,0,34.881
418,4.3542,5,8.5,0,180,144.775,0,34.191
419,4.3646,5,8.75,0,196,144.762,0,31.791
420,4.375,5,9,0,187,144.75,0,28.556
421,4.3854,5,9.25,0,175,144.738,0,25.03
422,4.3958,5,9.5,0,180,144.725,0,21.543
423,4.4062,5,9.75,0,172,144.713,0,18.28
424,4.4167,5,10,0,173,144.7,0,15.335
425,4.4271,5,10.25,0,160,144.688,0,12.745
426,4.4375,5,10.5,0,162,144.675,0,10.51
427,4.4479,5,10.75,0,154,144.662,0.001,8.61
428,4.4583,5,11,0,151,144.65,0.001,7.014
429,4.4688,5,11.25,0,153,144.637,0.001,5.685
430,4.4792,5,11.5,0,150,144.625,0.001,4.588
431,4.4896,5,11.75,0,146,144.613,0.001,3.689
432,4.5,5,12,0,145,144.6,0.001,2.956
433,4.5104,5,12.25,0,151,144.588,0.001,10.993
434,4.5208,5,12.5,0,179,144.575,0.001,37.525
435,4.5312,5,12.75,0,202,144.562,0.001,50.54
436,4.5417,5,13,0,194,144.55,0.001,55.034
437,4.5521,5,13.25,0,196,144.537,0.001,54.376
438,4.5625,5,13.5,0,199,144.525,0.001,50.8
439,4.5729,5,13.75,0,201,144.512,0.001,45.759
440,4.5833,5,14,0,199,144.5,0.002,40.176
441,4.5938,5,14.25,0,194,144.488,0.002,34.609
442,4.6042,5,14.5,0,191,144.475,0.002,29.379
443,4.6146,5,14.75,0,188,144.463,0.002,24.65
444,4.625,5,15,0,191,144.45,0.002,20.487
445,4.6354,5,15.25,0,181,144.438,0.002,16.893
446,4.6458,5,15.5,0,167,144.425,0.002,13.838
447,4.6562,5,15.75,0,168,144.412,0.003,11.271
448,4.6667,5,16,0,163,144.4,0.003,9.135
449,4.6771,5,16.25,0,156,144.387,0.003,7.372
450,4.6875,5,16.5,0,145,144.375,0.003,5.927
451,4.6979,5,16.75,0,148,144.363,0.004,4.749
452,4.7083,5,17,0,144,144.35,0.004,3.794
453,4.7188,5,17.25,0,152,144.338,0.004,3.023
454,4.7292,5,17.5,0,151,144.325,0.004,2.403
455,4.7396,5,17.75,0,145,144.312,0.005,1.905
456,4.75,5,18,0,148,144.3,0.005,1.508
457,4.7604,5,18.25,0,147,144.287,0.006,1.191
458,4.7708,5,18.5,0,197,144.275,0.006,40.937
459,4.7812,5,18.75,0,209,144.262,0.006,63.257
460,4.7917,5,19,0,221,144.25,0.007,72.343
461,4.8021,5,19.25,0,214,144.238,0.007,73.301
462,4.8125,5,19.5,0,204,144.225,0.008,69.538
463,4.8229,5,19.75,0,194,144.213,0.009,63.289
464,4.8333,5,20,0,189,144.2,0.009,55.981
465,4.8438,5,20.25,0,173,144.188,0.01,48.495
466,4.8542,5,20.5,0,172,144.175,0.011,41.347
467,4.8646,5,20.75,0,164,144.162,0.011,34.814
468,4.875,5,21,0,167,144.15,0.012,29.017
469,4.8854,5,21.25,0,155,144.137,0.013,23.985
470,4.8958,5,21.5,0,146,144.125,0.014,19.686
471,4.9062,5,21.75,0,150,144.113,0.015,16.062
472,4.9167,5,22,0,151,144.1,0.016,13.038
473,4.9271,5,22.25,0,142,144.088,0.017,10.536
474,4.9375,5,22.5,0,152,144.075,0.018,8.481
475,4.9479,5,22.75,0,146,144.062,0.019,6.802
476,4.9583,5,23,0,149,144.05,0.021,5.44
477,4.9688,5,23.25,0,150,144.037,0.022,4.338
478,4.9792,5,23.5,0,154,144.025,0.024,3.45
479,4.9896,5,23.75,0,150,144.012,0.025,2.738
480,5,6,0,1,148,144,0.027,0
481,5.0104,6,0.25,1,145,143.988,0.029,0
482,5.0208,6,0.5,1,151,143.975,0.031,0
483,5.0312,6,0.75,1,149,143.963,0.033,0
484,5.0417,6,1,1,150,143.95,0.035,0
485,5.0521,6,1.25,1,150,143.938,0.037,0
486,5.0625,6,1.5,1,146,143.925,0.04,0.001
487,5.0729,6,1.75,1,143,143.912,0.042,0.003
488,5.0833,6,2,1,146,143.9,0.045,0.007
489,5.0938,6,2.25,1,147,143.887,0.048,0.015
490,5.1042,6,2.5,1,149,143.875,0.051,0.035
491,5.1146,6,2.75,1,149,143.863,0.054,0.073
492,5.125,6,3,1,151,143.85,0.058,0.147
493,5.1354,6,3.25,1,149,143.838,0.061,0.278
494,5.1458,6,3.5,1,148,143.825,0.065,0.497
495,5.1562,6,3.75,1,149,143.812,0.069,0.843
496,5.1667,6,4,1,158,143.8,0.073,1.352
497,5.1771,6,4.25,1,154,143.787,0.078,2.051
498,5.1875,6,4.5,1,152,143.775,0.083,2.943
499,5.1979,6,4.75,1,148,143.762,0.088,3.995
500,5.2083,6,5,1,151,143.75,0.093,5.129
501,5.2188,6,5.25,1,155,143.738,0.098,6.23
502,5.2292,6,5.5,1,156,143.725,0.104,7.159
503,5.2396,6,5.75,1,161,143.713,0.11,7.781
504,5.25,6,6,1,155,143.7,0.117,8
505,5.2604,6,6.25,1,156,143.688,0.124,7.781
506,5.2708,6,6.5,1,160,143.675,0.131,7.159
507,5.2812,6,6.75,1,155,143.662,0.139,6.23
508,5.2917,6,7,1,150,143.65,0.146,5.129
509,5.3021,6,7.25,1,153,143.637,0.155,3.995
510,5.3125,6,7.5,1,155,143.625,0.164,2.943
511,5.3229,6,7.75,1,159,143.613,0.173,16.322
512,5.3333,6,8,1,180,143.6,0.182,30.884
513,5.3438,6,8.25,1,193,143.588,0.193,37.394
514,5.3542,6,8.5,1,182,143.575,0.203,38.925
515,5.3646,6,8.75,1,181,143.562,0.214,37.522
516,5.375,6,9,1,179,143.55,0.226,34.521
517,5.3854,6,9.25,1,168,143.537,0.238,30.779
518,5.3958,6,9.5,1,159,143.525,0.251,26.829
519,5.4062,6,9.75,1,147,143.512,0.265,22.99
520,5.4167,6,10,1,152,143.5,0.279,19.438
521,5.4271,6,10.25,1,156,143.488,0.293,16.258
522,5.4375,6,10.5,1,144,143.475,0.309,13.478
523,5.4479,6,10.75,1,150,143.463,0.325,11.09
524,5.4583,6,11,1,144,143.45,0.341,9.068
525,5.4688,6,11.25,1,147,143.438,0.359,7.375
526,5.4792,6,11.5,1,154,143.425,0.377,5.969
527,5.4896,6,11.75,1,154,143.412,0.396,4.812
528,5.5,6,12,1,149,143.4,0.416,3.865
529,5.5104,6,12.25,1,157,143.387,0.437,3.094
530,5.5208,6,12.5,1,150,143.375,0.459,2.47
531,5.5312,6,12.75,1,155,143.363,0.481,14.983
532,5.5417,6,13,1,177,143.35,0.505,42.914
533,5.5521,6,13.25,1,190,143.338,0.529,56.415
534,5.5625,6,13.5,1,203,143.325,0.554,60.843
535,5.5729,6,13.75,1,201,143.312,0.581,59.804
536,5.5833,6,14,1,193,143.3,0.608,55.691
537,5.5938,6,14.25,1,183,143.287,0.637,50.055
538,5.6042,6,14.5,1,176,143.275,0.667,43.876
539,5.6146,6,14.75,1,164,143.262,0.698,37.751
540,5.625,6,15,1,163,143.25,0.73,32.015
541,5.6354,6,15.25,1,161,143.238,0.763,26.842
542,5.6458,6,15.5,1,157,143.225,0.798,22.294
543,5.6562,6,15.75,1,147,143.213,0.833,18.374
544,5.6667,6,16,1,149,143.2,0.87,15.043
545,5.6771,6,16.25,1,154,143.188,0.909,12.248
546,5.6875,6,16.5,1,151,143.175,0.949,9.923
547,5.6979,6,16.75,1,159,143.162,0.99,8.006
548,5.7083,6,17,1,158,143.15,1.033,6.435
549,5.7188,6,17.25,1,154,143.137,1.077,5.155
550,5.7292,6,17.5,1,151,143.125,1.123,4.117
551,5.7396,6,17.75,1,145,143.113,1.17,3.28
552,5.75,6,18,1,147,143.1,1.219,2.606
553,5.7604,6,18.25,1,144,143.088,1.269,2.067
554,5.7708,6,18.5,1,183,143.075,1.321,35.25
555,5.7812,6,18.75,1,203,143.062,1.375,52.859
556,5.7917,6,19,1,197,143.05,1.43,59.854
557,5.8021,6,19.25,1,196,143.037,1.487,60.346
558,5.8125,6,19.5,1,196,143.025,1.546,57.079
559,5.8229,6,19.75,1,199,143.012,1.607,51.846
560,5.8333,6,20,1,178,143,1.669,45.795
561,5.8438,6,20.25,1,185,142.988,1.733,39.629
562,5.8542,6,20.5,1,172,142.975,1.8,33.76
563,5.8646,6,20.75,1,175,142.963,1.868,28.407
564,5.875,6,21,1,161,142.95,1.938,23.664
565,5.8854,6,21.25,1,150,142.938,2.01,19.551
566,5.8958,6,21.5,1,138,142.925,2.084,16.041
567,5.9062,6,21.75,1,148,142.912,2.159,13.084
568,5.9167,6,22,1,150,142.9,2.237,10.618
569,5.9271,6,22.25,1,153,142.887,2.317,8.578
570,5.9375,6,22.5,1,149,142.875,2.399,6.903
571,5.9479,6,22.75,1,146,142.863,2.483,5.536
572,5.9583,6,23,1,137,142.85,2.569,4.426
573,5.9688,6,23.25,1,144,142.838,2.657,3.529
574,5.9792,6,23.5,1,140,142.825,2.748,2.806
575,5.9896,6,23.75,1,144,142.812,2.84,2.227
576,6,7,0,1,146,142.8,2.935,0
577,6.0104,7,0.25,1,148,142.787,3.031,0
578,6.0208,7,0.5,1,147,142.775,3.13,0
579,6.0312,7,0.75,1,143,142.762,3.231,0
580,6.0417,7,1,1,145,142.75,3.334,0
581,6.0521,7,1.25,1,142,142.738,3.439,0
582,6.0625,7,1.5,1,147,142.725,3.546,0.001
583,6.0729,7,1.75,1,147,142.713,3.655,0.003
584,6.0833,7,2,1,147,142.7,3.766,0.007
585,6.0938,7,2.25,1,144,142.688,3.88,0.015
586,6.1042,7,2.5,1,146,142.675,3.995,0.035
587,6.1146,7,2.75,1,138,142.662,4.113,0.073
588,6.125,7,3,1,140,142.65,4.232,0.147
589,6.1354,7,3.25,1,139,142.637,4.354,0.278
590,6.1458,7,3.5,1,141,142.625,4.477,0.497
591,6.1562,7,3.75,1,138,142.613,4.603,0.843
592,6.1667,7,4,1,146,142.6,4.73,1.352
593,6.1771,7,4.25,1,145,142.588,4.86,2.051
594,6.1875,7,4.5,1,147,142.575,4.991,2.943
595,6.1979,7,4.75,1,149,142.562,5.124,3.995
596,6.2083,7,5,1,149,142.55,5.258,5.129
597,6.2188,7,5.25,1,157,142.537,5.395,6.23
598,6.2292,7,5.5,1,149,142.525,5.533,7.159
599,6.2396,7,5.75,1,152,142.512,5.672,7.781
600,6.25,7,6,1,153,142.5,5.813,8
601,6.2604,7,6.25,1,149,142.488,5.956,7.781
602,6.2708,7,6.5,1,145,142.475,6.1,7.159
603,6.2812,7,6.75,1,144,142.463,6.246,6.23
604,6.2917,7,7,1,142,142.45,6.392,5.129
605,6.3021,7,7.25,1,135,142.438,6.54,3.995
606,6.3125,7,7.5,1,141,142.425,6.689,2.943
607,6.3229,7,7.75,1,164,142.412,6.84,23.567
608,6.3333,7,8,1,188,142.4,6.991,40.842
609,6.3438,7,8.25,1,190,142.387,7.143,48.323
610,6.3542,7,8.5,1,203,142.375,7.296,49.769
611,6.3646,7,8.75,1,193,142.363,7.45,47.678
612,6.375,7,9,1,186,142.35,7.604,43.686
613,6.3854,7,9.25,1,180,142.338,7.759,38.836
614,6.3958,7,9.5,1,167,142.325,7.915,33.776
615,6.4062,7,9.75,1,178,142.312,8.07,28.892
616,6.4167,7,10,1,164,142.3,8.227,24.393
617,6.4271,7,10.25,1,166,142.287,8.383,20.378
618,6.4375,7,10.5,1,161,142.275,8.539,16.877
619,6.4479,7,10.75,1,161,142.262,8.696,13.875
620,6.4583,7,11,1,159,142.25,8.852,11.337
621,6.4688,7,11.25,1,157,142.238,9.008,9.214
622,6.4792,7,11.5,1,153,142.225,9.163,7.454
623,6.4896,7,11.75,1,154,142.213,9.318,6.006
624,6.5,7,12,1,160,142.2,9.473,12.343
625,6.5104,7,12.25,1,191,142.188,9.627,33.983
626,6.5208,7,12.5,1,196,142.175,9.78,44.4
627,6.5312,7,12.75,1,205,142.162,9.932,47.765
628,6.5417,7,13,1,205,142.15,10.083,46.886
629,6.5521,7,13.25,1,217,142.137,10.233,43.624
630,6.5625,7,13.5,1,200,142.125,10.381,39.186
631,6.5729,7,13.75,1,197,142.113,10.528,34.335
632,6.5833,7,14,1,199,142.1,10.674,29.532
633,6.5938,7,14.25,1,197,142.088,10.818,25.039
634,6.6042,7,14.5,1,194,142.075,10.96,20.988
635,6.6146,7,14.75,1,180,142.062,11.1,17.429
636,6.625,7,15,1,179,142.05,11.238,14.362
637,6.6354,7,15.25,1,182,142.037,11.374,11.758
638,6.6458,7,15.5,1,166,142.025,11.508,9.572
639,6.6562,7,15.75,1,168,142.012,11.64,7.754
640,6.6667,7,16,1,168,142,11.769,6.256
641,6.6771,7,16.25,1,171,141.988,11.895,5.028
642,6.6875,7,16.5,1,167,141.975,12.019,4.027
643,6.6979,7,16.75,1,163,141.963,12.14,3.217
644,6.7083,7,17,1,159,141.95,12.257,2.562
645,6.7188,7,17.25,1,157,141.938,12.372,2.036
646,6.7292,7,17.5,1,160,141.925,12.484,1.614
647,6.7396,7,17.75,1,151,141.912,12.592,1.277
648,6.75,7,18,1,150,141.9,12.697,1.009
649,6.7604,7,18.25,1,148,141.887,12.799,0.796
650,6.7708,7,18.5,1,152,141.875,12.897,0.626
651,6.7812,7,18.75,1,146,141.863,12.991,0.492
652,6.7917,7,19,1,151,141.85,13.082,2.643
653,6.8021,7,19.25,1,177,141.838,13.169,27.238
654,6.8125,7,19.5,1,198,141.825,13.252,39.747
655,6.8229,7,19.75,1,217,141.812,13.331,44.586
656,6.8333,7,20,1,219,141.8,13.405,44.74
657,6.8438,7,20.25,1,221,141.787,13.476,42.196
658,6.8542,7,20.5,1,205,141.775,13.542,38.255
659,6.8646,7,20.75,1,190,141.762,13.605,33.743
660,6.875,7,21,1,186,141.75,13.662,29.17
661,6.8854,7,21.25,1,184,141.738,13.716,24.83
662,6.8958,7,21.5,1,184,141.725,13.765,20.879
663,6.9062,7,21.75,1,176,141.713,13.809,17.384
664,6.9167,7,22,1,163,141.7,13.849,14.356
665,6.9271,7,22.25,1,163,141.688,13.884,11.775
666,6.9375,7,22.5,1,158,141.675,13.915,9.601
667,6.9479,7,22.75,1,155,141.662,13.941,7.789
668,6.9583,7,23,1,148,141.65,13.962,6.291
669,6.9688,7,23.25,1,153,141.637,13.979,5.062
670,6.9792,7,23.5,1,159,141.625,13.991,4.058
671,6.9896,7,23.75,1,162,141.613,13.998,3.244
672,7,8,0,0,151,141.6,14,0
673,7.0104,8,0.25,0,151,141.588,13.998,0
674,7.0208,8,0.5,0,155,141.575,13.991,0
675,7.0312,8,0.75,0,154,141.562,13.979,0
676,7.0417,8,1,0,155,141.55,13.962,0
677,7.0521,8,1.25,0,155,141.537,13.941,0
678,7.0625,8,1.5,0,152,141.525,13.915,0.001
679,7.0729,8,1.75,0,162,141.512,13.884,0.003
680,7.0833,8,2,0,159,141.5,13.849,0.007
681,7.0938,8,2.25,0,160,141.488,13.809,0.015
682,7.1042,8,2.5,0,168,141.475,13.765,0.035
683,7.1146,8,2.75,0,164,141.463,13.716,0.073
684,7.125,8,3,0,165,141.45,13.662,0.147
685,7.1354,8,3.25,0,164,141.438,13.605,0.278
686,7.1458,8,3.5,0,170,141.425,13.542,0.497
687,7.1562,8,3.75,0,165,141.412,13.476,0.843
688,7.1667,8,4,0,164,141.4,13.405,1.352
689,7.1771,8,4.25,0,156,141.387,13.331,2.051
690,7.1875,8,4.5,0,151,141.375,13.252,2.943
691,7.1979,8,4.75,0,152,141.363,13.169,3.995
692,7.2083,8,5,0,165,141.35,13.082,5.129
693,7.2188,8,5.25,0,162,141.338,12.991,6.23
694,7.2292,8,5.5,0,174,141.325,12.897,7.159
695,7.2396,8,5.75,0,166,141.312,12.799,7.781
696,7.25,8,6,0,168,141.3,12.697,8
697,7.2604,8,6.25,0,173,141.287,12.592,7.781
698,7.2708,8,6.5,0,163,141.275,12.484,7.159
699,7.2812,8,6.75,0,156,141.262,12.372,6.23
700,7.2917,8,7,0,159,141.25,12.257,5.129
701,7.3021,8,7.25,0,151,141.238,12.14,3.995
702,7.3125,8,7.5,0,161,141.225,12.019,8.091
703,7.3229,8,7.75,0,176,141.213,11.895,32.076
704,7.3333,8,8,0,198,141.2,11.769,43.885
705,7.3438,8,8.25,0,194,141.188,11.64,48.05
706,7.3542,8,8.5,0,210,141.175,11.508,47.609
707,7.3646,8,8.75,0,209,141.162,11.374,44.563
708,7.375,8,9,0,200,141.15,11.238,40.206
709,7.3854,8,9.25,0,194,141.137,11.1,35.351
710,7.3958,8,9.5,0,176,141.125,10.96,30.494
711,7.4062,8,9.75,0,182,141.113,10.818,25.919
712,7.4167,8,10,0,178,141.1,10.674,21.772
713,7.4271,8,10.25,0,171,141.088,10.528,18.114
714,7.4375,8,10.5,0,169,141.075,10.381,14.95
715,7.4479,8,10.75,0,172,141.062,10.233,12.256
716,7.4583,8,11,0,176,141.05,10.083,9.989
717,7.4688,8,11.25,0,169,141.037,9.932,8.101
718,7.4792,8,11.5,0,160,141.025,9.78,6.541
719,7.4896,8,11.75,0,167,141.012,9.627,5.262
720,7.5,8,12,0,155,141,9.473,4.218
721,7.5104,8,12.25,0,151,140.988,9.318,3.371
722,7.5208,8,12.5,0,149,140.975,9.163,5.55
723,7.5312,8,12.75,0,177,140.963,9.008,32.451
724,7.5417,8,13,0,194,140.95,8.852,45.976
725,7.5521,8,13.25,0,196,140.938,8.696,51.032
726,7.5625,8,13.5,0,202,140.925,8.539,50.931
727,7.5729,8,13.75,0,199,140.912,8.383,47.877
728,7.5833,8,14,0,187,140.9,8.227,43.309
729,7.5938,8,14.25,0,185,140.887,8.07,38.14
730,7.6042,8,14.5,0,182,140.875,7.915,32.931
731,7.6146,8,14.75,0,185,140.863,7.759,28.005
732,7.625,8,15,0,172,140.85,7.604,23.531
733,7.6354,8,15.25,0,163,140.838,7.45,19.581
734,7.6458,8,15.5,0,163,140.825,7.296,16.162
735,7.6562,8,15.75,0,159,140.812,7.143,13.25
736,7.6667,8,16,0,165,140.8,6.991,10.8
737,7.6771,8,16.25,0,160,140.787,6.84,8.758
738,7.6875,8,16.5,0,163,140.775,6.689,7.072
739,7.6979,8,16.75,0,151,140.762,6.54,5.689
740,7.7083,8,17,0,157,140.75,6.392,4.56
741,7.7188,8,17.25,0,150,140.738,6.246,3.645
742,7.7292,8,17.5,0,149,140.725,6.1,2.905
743,7.7396,8,17.75,0,150,140.713,5.956,2.309
744,7.75,8,18,0,154,140.7,5.813,1.832
745,7.7604,8,18.25,0,154,140.688,5.672,1.45
746,7.7708,8,18.5,0,179,140.675,5.533,24.009
747,7.7812,8,18.75,0,192,140.662,5.395,38.475
748,7.7917,8,19,0,181,140.65,5.258,44.512
749,7.8021,8,19.25,0,181,140.637,5.124,45.357
750,7.8125,8,19.5,0,181,140.625,4.991,43.174
751,7.8229,8,19.75,0,183,140.613,4.86,39.382
752,7.8333,8,20,0,175,140.6,4.73,34.89
753,7.8438,8,20.25,0,172,140.588,4.603,30.26
754,7.8542,8,20.5,0,172,140.575,4.477,25.824
755,7.8646,8,20.75,0,173,140.562,4.354,21.759
756,7.875,8,21,0,167,140.55,4.232,18.147
757,7.8854,8,21.25,0,171,140.537,4.113,15.008
758,7.8958,8,21.5,0,169,140.525,3.995,12.323
759,7.9062,8,21.75,0,162,140.512,3.88,10.058
760,7.9167,8,22,0,169,140.5,3.766,8.167
761,7.9271,8,22.25,0,162,140.488,3.655,6.602
762,7.9375,8,22.5,0,164,140.475,3.546,5.315
763,7.9479,8,22.75,0,160,140.463,3.439,4.264
764,7.9583,8,23,0,164,140.45,3.334,3.41
765,7.9688,8,23.25,0,159,140.438,3.231,2.72
766,7.9792,8,23.5,0,152,140.425,3.13,2.164
767,7.9896,8,23.75,0,154,140.412,3.031,1.717
768,8,9,0,0,158,140.4,2.935,0
769,8.0104,9,0.25,0,150,140.387,2.84,0
770,8.0208,9,0.5,0,151,140.375,2.748,0
771,8.0312,9,0.75,0,147,140.363,2.657,0
772,8.0417,9,1,0,146,140.35,2.569,0
773,8.0521,9,1.25,0,142,140.338,2.483,0
774,8.0625,9,1.5,0,143,140.325,2.399,0.001
775,8.0729,9,1.75,0,143,140.312,2.317,0.003
776,8.0833,9,2,0,138,140.3,2.237,0.007
777,8.0938,9,2.25,0,144,140.287,2.159,0.015
778,8.1042,9,2.5,0,145,140.275,2.084,0.035
779,8.1146,9,2.75,0,150,140.262,2.01,0.073
780,8.125,9,3,0,149,140.25,1.938,0.147
781,8.1354,9,3.25,0,152,140.238,1.868,0.278
782,8.1458,9,3.5,0,148,140.225,1.8,0.497
783,8.1562,9,3.75,0,144,140.213,1.733,0.843
784,8.1667,9,4,0,141,140.2,1.669,1.352
785,8.1771,9,4.25,0,145,140.188,1.607,2.051
786,8.1875,9,4.5,0,150,140.175,1.546,2.943
787,8.1979,9,4.75,0,154,140.162,1.487,3.995
788,8.2083,9,5,0,154,140.15,1.43,5.129
789,8.2188,9,5.25,0,155,140.137,1.375,6.23
790,8.2292,9,5.5,0,152,140.125,1.321,7.159
791,8.2396,9,5.75,0,155,140.113,1.269,7.781
792,8.25,9,6,0,159,140.1,1.219,8
793,8.2604,9,6.25,0,157,140.088,1.17,7.781
794,8.2708,9,6.5,0,151,140.075,1.123,7.159
795,8.2812,9,6.75,0,155,140.062,1.077,6.23
796,8.2917,9,7,0,146,140.05,1.033,5.129
797,8.3021,9,7.25,0,166,140.037,0.99,23.856
798,8.3125,9,7.5,0,174,140.025,0.949,36.639
799,8.3229,9,7.75,0,182,140.012,0.909,41.703
800,8.3333,9,8,0,183,140,0.87,42.088
801,8.3438,9,8.25,0,182,139.988,0.833,39.805
802,8.3542,9,8.5,0,169,139.975,0.798,36.15
803,8.3646,9,8.75,0,174,139.963,0.763,31.934
804,8.375,9,9,0,177,139.95,0.73,27.648
805,8.3854,9,9.25,0,175,139.938,0.698,23.573
806,8.3958,9,9.5,0,170,139.925,0.667,19.856
807,8.4062,9,9.75,0,156,139.912,0.637,16.561
808,8.4167,9,10,0,150,139.9,0.608,13.699
809,8.4271,9,10.25,0,138,139.887,0.581,11.252
810,8.4375,9,10.5,0,139,139.875,0.554,9.188
811,8.4479,9,10.75,0,145,139.863,0.529,7.463
812,8.4583,9,11,0,145,139.85,0.505,6.035
813,8.4688,9,11.25,0,138,139.838,0.481,4.86
814,8.4792,9,11.5,0,141,139.825,0.459,3.9
815,8.4896,9,11.75,0,135,139.812,0.437,3.12
816,8.5,9,12,0,142,139.8,0.416,2.489
817,8.5104,9,12.25,0,146,139.787,0.396,1.981
818,8.5208,9,12.5,0,163,139.775,0.377,24.996
819,8.5312,9,12.75,0,172,139.762,0.359,40.589
820,8.5417,9,13,0,169,139.75,0.341,47.148
821,8.5521,9,13.25,0,172,139.738,0.325,48.138
822,8.5625,9,13.5,0,168,139.725,0.309,45.874
823,8.5729,9,13.75,0,178,139.713,0.293,41.877
824,8.5833,9,14,0,164,139.7,0.279,37.12
825,8.5938,9,14.25,0,159,139.688,0.265,32.207
826,8.6042,9,14.5,0,157,139.675,0.251,27.494
827,8.6146,9,14.75,0,152,139.662,0.238,23.173
828,8.625,9,15,0,156,139.65,0.226,19.33
829,8.6354,9,15.25,0,161,139.637,0.214,15.988
830,8.6458,9,15.5,0,156,139.625,0.203,13.13
831,8.6562,9,15.75,0,160,139.613,0.193,10.718
832,8.6667,9,16,0,154,139.6,0.182,8.704
833,8.6771,9,16.25,0,148,139.588,0.173,7.036
834,8.6875,9,16.5,0,157,139.575,0.164,5.665
835,8.6979,9,16.75,0,161,139.562,0.155,4.546
836,8.7083,9,17,0,152,139.55,0.146,3.636
837,8.7188,9,17.25,0,146,139.537,0.139,2.9
838,8.7292,9,17.5,0,146,139.525,0.131,2.307
839,8.7396,9,17.75,0,146,139.512,0.124,1.831
840,8.75,9,18,0,150,139.5,0.117,1.451
841,8.7604,9,18.25,0,149,139.488,0.11,1.147
842,8.7708,9,18.5,0,144,139.475,0.104,0.905
843,8.7812,9,18.75,0,140,139.463,0.098,0.713
844,8.7917,9,19,0,143,139.45,0.093,17.528
845,8.8021,9,19.25,0,164,139.438,0.088,33.926
846,8.8125,9,19.5,0,165,139.425,0.083,41.338
847,8.8229,9,19.75,0,163,139.412,0.078,43.16
848,8.8333,9,20,0,172,139.4,0.073,41.666
849,8.8438,9,20.25,0,163,139.387,0.069,38.358
850,8.8542,9,20.5,0,163,139.375,0.065,34.203
851,8.8646,9,20.75,0,156,139.363,0.061,29.808
852,8.875,9,21,0,164,139.35,0.058,25.533
853,8.8854,9,21.25,0,158,139.338,0.054,21.578
854,8.8958,9,21.5,0,168,139.325,0.051,18.039
855,8.9062,9,21.75,0,163,139.312,0.048,14.948
856,8.9167,9,22,0,160,139.3,0.045,12.295
857,8.9271,9,22.25,0,152,139.287,0.042,10.05
858,8.9375,9,22.5,0,152,139.275,0.04,8.17
859,8.9479,9,22.75,0,154,139.262,0.037,6.611
860,8.9583,9,23,0,144,139.25,0.035,5.328
861,8.9688,9,23.25,0,147,139.238,0.033,4.278
862,8.9792,9,23.5,0,144,139.225,0.031,3.424
863,8.9896,9,23.75,0,142,139.213,0.029,2.733
864,9,10,0,0,143,139.2,0.027,0
865,9.0104,10,0.25,0,144,139.188,0.025,0
866,9.0208,10,0.5,0,130,139.175,0.024,0
867,9.0312,10,0.75,0,126,139.162,0.022,0
868,9.0417,10,1,0,135,139.15,0.021,0
869,9.0521,10,1.25,0,137,139.137,0.019,0
870,9.0625,10,1.5,0,139,139.125,0.018,0.001
871,9.0729,10,1.75,0,138,139.113,0.017,0.003
872,9.0833,10,2,0,142,139.1,0.016,0.007
873,9.0938,10,2.25,0,137,139.088,0.015,0.015
874,9.1042,10,2.5,0,139,139.075,0.014,0.035
875,9.1146,10,2.75,0,134,139.062,0.013,0.073
876,9.125,10,3,0,138,139.05,0.012,0.147
877,9.1354,10,3.25,0,140,139.037,0.011,0.278
878,9.1458,10,3.5,0,142,139.025,0.011,0.497
879,9.1562,10,3.75,0,137,139.012,0.01,0.843
880,9.1667,10,4,0,142,139,0.009,1.352
881,9.1771,10,4.25,0,135,138.988,0.009,2.051
882,9.1875,10,4.5,0,140,138.975,0.008,2.943
883,9.1979,10,4.75,0,134,138.963,0.007,3.995
884,9.2083,10,5,0,138,138.95,0.007,5.129
885,9.2188,10,5.25,0,139,138.938,0.006,6.23
886,9.2292,10,5.5,0,145,138.925,0.006,7.159
887,9.2396,10,5.75,0,145,138.912,0.006,7.781
888,9.25,10,6,0,150,138.9,0.005,8
889,9.2604,10,6.25,0,145,138.887,0.005,7.781
890,9.2708,10,6.5,0,148,138.875,0.004,7.159
891,9.2812,10,6.75,0,140,138.863,0.004,6.23
892,9.2917,10,7,0,146,138.85,0.004,12.135
893,9.3021,10,7.25,0,176,138.838,0.004,37.988
894,9.3125,10,7.5,0,190,138.825,0.003,50.421
895,9.3229,10,7.75,0,195,138.812,0.003,54.473
896,9.3333,10,8,0,188,138.8,0.003,53.527
897,9.3438,10,8.25,0,187,138.787,0.003,49.807
898,9.3542,10,8.5,0,190,138.775,0.002,44.739
899,9.3646,10,8.75,0,175,138.762,0.002,39.207
900,9.375,10,9,0,166,138.75,0.002,33.739
901,9.3854,10,9.25,0,152,138.738,0.002,28.627
902,9.3958,10,9.5,0,139,138.725,0.002,24.018
903,9.4062,10,9.75,0,149,138.713,0.002,19.965
904,9.4167,10,10,0,141,138.7,0.002,16.469
905,9.4271,10,10.25,0,146,138.688,0.001,13.496
906,9.4375,10,10.5,0,148,138.675,0.001,10.997
907,9.4479,10,10.75,0,143,138.662,0.001,8.916
908,9.4583,10,11,0,138,138.65,0.001,7.198
909,9.4688,10,11.25,0,136,138.637,0.001,5.789
910,9.4792,10,11.5,0,133,138.625,0.001,4.64
911,9.4896,10,11.75,0,143,138.613,0.001,3.708
912,9.5,10,12,0,143,138.6,0.001,2.955
913,9.5104,10,12.25,0,136,138.588,0.001,2.349
914,9.5208,10,12.5,0,133,138.575,0.001,1.864
915,9.5312,10,12.75,0,131,138.562,0.001,1.475
916,9.5417,10,13,0,129,138.55,0.001,3.051
917,9.5521,10,13.25,0,163,138.537,0.001,26.467
918,9.5625,10,13.5,0,177,138.525,0,38.345
919,9.5729,10,13.75,0,167,138.512,0,42.905
920,9.5833,10,14,0,170,138.5,0,42.997
921,9.5938,10,14.25,0,176,138.488,0,40.521
922,9.6042,10,14.5,0,173,138.475,0,36.716
923,9.6146,10,14.75,0,165,138.463,0,32.374
924,9.625,10,15,0,167,138.45,0,27.978
925,9.6354,10,15.25,0,159,138.438,0,23.81
926,9.6458,10,15.5,0,157,138.425,0,20.018
927,9.6562,10,15.75,0,163,138.412,0,16.665
928,9.6667,10,16,0,149,138.4,0,13.761
929,9.6771,10,16.25,0,154,138.387,0,11.285
930,9.6875,10,16.5,0,157,138.375,0,9.201
931,9.6979,10,16.75,0,159,138.363,0,7.464
932,9.7083,10,17,0,152,138.35,0,6.028
933,9.7188,10,17.25,0,141,138.338,0,4.85
934,9.7292,10,17.5,0,143,138.325,0,3.888
935,9.7396,10,17.75,0,141,138.312,0,3.108
936,9.75,10,18,0,145,138.3,0,2.478
937,9.7604,10,18.25,0,144,138.287,0,1.97
938,9.7708,10,18.5,0,143,138.275,0,1.563
939,9.7812,10,18.75,0,155,138.262,0,18.438
940,9.7917,10,19,0,182,138.25,0,37.468
941,9.8021,10,19.25,0,181,138.238,0,46.182
942,9.8125,10,19.5,0,182,138.225,0,48.465
943,9.8229,10,19.75,0,185,138.213,0,46.924
944,9.8333,10,20,0,178,138.2,0,43.28
945,9.8438,10,20.25,0,181,138.188,0,38.643
946,9.8542,10,20.5,0,171,138.175,0,33.71
947,9.8646,10,20.75,0,163,138.162,0,28.896
948,9.875,10,21,0,160,138.15,0,24.435
949,9.8854,10,21.25,0,155,138.137,0,20.437
950,9.8958,10,21.5,0,152,138.125,0,16.942
951,9.9062,10,21.75,0,144,138.113,0,13.94
952,9.9167,10,22,0,140,138.1,0,11.397
953,9.9271,10,22.25,0,141,138.088,0,9.268
954,9.9375,10,22.5,0,138,138.075,0,7.501
955,9.9479,10,22.75,0,134,138.062,0,6.046
956,9.9583,10,23,0,141,138.05,0,4.856
957,9.9688,10,23.25,0,136,138.037,0,3.887
958,9.9792,10,23.5,0,136,138.025,0,3.103
959,9.9896,10,23.75,0,131,138.012,0,2.47
960,10,11,0,0,131,138,0,0
961,10.0104,11,0.25,0,135,137.988,0,0
962,10.0208,11,0.5,0,139,137.975,0,0
963,10.0312,11,0.75,0,137,137.963,0,0
964,10.0417,11,1,0,139,137.95,0,0
965,10.0521,11,1.25,0,144,137.938,0,0
966,10.0625,11,1.5,0,141,137.925,0,0.001
967,10.0729,11,1.75,0,141,137.912,0,0.003
968,10.0833,11,2,0,146,137.9,0,0.007
969,10.0938,11,2.25,0,147,137.887,0,0.015
970,10.1042,11,2.5,0,147,137.875,0,0.035
971,10.1146,11,2.75,0,149,137.863,0,0.073
972,10.125,11,3,0,143,137.85,0,0.147
973,10.1354,11,3.25,0,144,137.838,0,0.278
974,10.1458,11,3.5,0,146,137.825,0,0.497
975,10.1562,11,3.75,0,141,137.812,0,0.843
976,10.1667,11,4,0,143,137.8,0,1.352
977,10.1771,11,4.25,0,147,137.787,0,2.051
978,10.1875,11,4.5,0,145,137.775,0,2.943
979,10.1979,11,4.75,0,143,137.762,0,3.995
980,10.2083,11,5,0,144,137.75,0,5.129
981,10.2188,11,5.25,0,149,137.738,0,6.23
982,10.2292,11,5.5,0,150,137.725,0,7.159
983,10.2396,11,5.75,0,143,137.713,0,7.781
984,10.25,11,6,0,142,137.7,0,8
985,10.2604,11,6.25,0,139,137.688,0,7.781
986,10.2708,11,6.5,0,145,137.675,0,7.159
987,10.2812,11,6.75,0,150,137.662,0,6.23
988,10.2917,11,7,0,148,137.65,0,5.129
989,10.3021,11,7.25,0,148,137.637,0,3.995
990,10.3125,11,7.5,0,142,137.625,0,2.943
991,10.3229,11,7.75,0,151,137.613,0,5.683
992,10.3333,11,8,0,156,137.6,0,23.404
993,10.3438,11,8.25,0,170,137.588,0,32.166
994,10.3542,11,8.5,0,170,137.575,0,35.297
995,10.3646,11,8.75,0,166,137.562,0,35.025
996,10.375,11,9,0,153,137.55,0,32.82
997,10.3854,11,9.25,0,163,137.537,0,29.635
998,10.3958,11,9.5,0,164,137.525,0,26.072
999,10.4062,11,9.75,0,164,137.512,0,22.499
1000,10.4167,11,10,0,153,137.5,0,19.129
1001,10.4271,11,10.25,0,153,137.488,0,16.071
1002,10.4375,11,10.5,0,149,137.475,0,13.372
1003,10.4479,11,10.75,0,150,137.463,0,11.038
1004,10.4583,11,11,0,152,137.45,0,9.049
1005,10.4688,11,11.25,0,152,137.438,0,7.376
1006,10.4792,11,11.5,0,138,137.425,0,5.982
1007,10.4896,11,11.75,0,141,137.412,0,4.83
1008,10.5,11,12,0,139,137.4,0,3.885
1009,10.5104,11,12.25,0,143,137.387,0,3.115
1010,10.5208,11,12.5,0,138,137.375,0,2.489
1011,10.5312,11,12.75,0,158,137.363,0,16.227
1012,10.5417,11,13,0,170,137.35,0,32.466
1013,10.5521,11,13.25,0,184,137.338,0,39.874
1014,10.5625,11,13.5,0,188,137.325,0,41.778
1015,10.5729,11,13.75,0,172,137.312,0,40.413
1016,10.5833,11,14,0,154,137.3,0,37.253
1017,10.5938,11,14.25,0,152,137.287,0,33.249
1018,10.6042,11,14.5,0,139,137.275,0,28.995
1019,10.6146,11,14.75,0,146,137.262,0,24.849
1020,10.625,11,15,0,144,137.25,0,21.009
1021,10.6354,11,15.25,0,146,137.238,0,17.569
1022,10.6458,11,15.5,0,144,137.225,0,14.563
1023,10.6562,11,15.75,0,148,137.213,0,11.981
1024,10.6667,11,16,0,149,137.2,0,9.795
1025,10.6771,11,16.25,0,145,137.188,0,7.964
1026,10.6875,11,16.5,0,144,137.175,0,6.446
1027,10.6979,11,16.75,0,144,137.162,0,5.195
1028,10.7083,11,17,0,142,137.15,0,4.172
1029,10.7188,11,17.25,0,137,137.137,0,3.34
1030,10.7292,11,17.5,0,132,137.125,0,2.666
1031,10.7396,11,17.75,0,136,137.113,0,2.122
1032,10.75,11,18,0,133,137.1,0,1.685
1033,10.7604,11,18.25,0,130,137.088,0,1.336
1034,10.7708,11,18.5,0,161,137.075,0,43.771
1035,10.7812,11,18.75,0,188,137.062,0,65.672
1036,10.7917,11,19,0,202,137.05,0,74.375
1037,10.8021,11,19.25,0,200,137.037,0,74.993
1038,10.8125,11,19.5,0,192,137.025,0,70.936
1039,10.8229,11,19.75,0,183,137.012,0,64.436
1040,10.8333,11,20,0,193,137,0,56.916
1041,10.8438,11,20.25,0,206,136.988,0,49.254
1042,10.8542,11,20.5,0,181,136.975,0,41.96
1043,10.8646,11,20.75,0,179,136.963,0,35.307
1044,10.875,11,21,0,168,136.95,0,29.413
1045,10.8854,11,21.25,0,161,136.938,0,24.301
1046,10.8958,11,21.5,0,164,136.925,0,19.939
1047,10.9062,11,21.75,0,157,136.912,0,16.263
1048,10.9167,11,22,0,142,136.9,0,13.197
1049,10.9271,11,22.25,0,148,136.887,0,10.662
1050,10.9375,11,22.5,0,138,136.875,0,8.58
1051,10.9479,11,22.75,0,136,136.863,0,6.881
1052,10.9583,11,23,0,141,136.85,0,5.501
1053,10.9688,11,23.25,0,133,136.838,0,4.386
1054,10.9792,11,23.5,0,132,136.825,0,3.488
1055,10.9896,11,23.75,0,132,136.812,0,2.768
1056,11,12,0,0,126,136.8,0,0
1057,11.0104,12,0.25,0,124,136.787,0,0
1058,11.0208,12,0.5,0,132,136.775,0,0
1059,11.0312,12,0.75,0,129,136.762,0,0
1060,11.0417,12,1,0,134,136.75,0,0
1061,11.0521,12,1.25,0,136,136.738,0,0
1062,11.0625,12,1.5,0,132,136.725,0,0.001
1063,11.0729,12,1.75,0,135,136.713,0,0.003
1064,11.0833,12,2,0,132,136.7,0,0.007
1065,11.0938,12,2.25,0,131,136.688,0,0.015
1066,11.1042,12,2.5,0,137,136.675,0,0.035
1067,11.1146,12,2.75,0,142,136.662,0,0.073
1068,11.125,12,3,0,143,136.65,0,0.147
1069,11.1354,12,3.25,0,136,136.637,0,0.278
1070,11.1458,12,3.5,0,144,136.625,0,0.497
1071,11.1562,12,3.75,0,144,136.613,0,0.843
1072,11.1667,12,4,0,143,136.6,0,1.352
1073,11.1771,12,4.25,0,149,136.588,0,2.051
1074,11.1875,12,4.5,0,154,136.575,0,2.943
1075,11.1979,12,4.75,0,152,136.562,0,3.995
1076,11.2083,12,5,0,150,136.55,0,5.129
1077,11.2188,12,5.25,0,156,136.537,0,6.23
1078,11.2292,12,5.5,0,156,136.525,0,7.159
1079,11.2396,12,5.75,0,157,136.512,0,7.781
1080,11.25,12,6,0,157,136.5,0,8
1081,11.2604,12,6.25,0,153,136.488,0,7.781
1082,11.2708,12,6.5,0,146,136.475,0,7.159
1083,11.2812,12,6.75,0,149,136.463,0,6.23
1084,11.2917,12,7,0,154,136.45,0,5.129
1085,11.3021,12,7.25,0,139,136.438,0,3.995
1086,11.3125,12,7.5,0,158,136.425,0,21.903
1087,11.3229,12,7.75,0,169,136.412,0,36.972
1088,11.3333,12,8,0,180,136.4,0,43.376
1089,11.3438,12,8.25,0,184,136.387,0,44.471
1090,11.3542,12,8.5,0,177,136.375,0,42.479
1091,11.3646,12,8.75,0,160,136.363,0,38.845
1092,11.375,12,9,0,158,136.35,0,34.487
1093,11.3854,12,9.25,0,164,136.338,0,29.968
1094,11.3958,12,9.5,0,158,136.325,0,25.62
1095,11.4062,12,9.75,0,160,136.312,0,21.623
1096,11.4167,12,10,0,156,136.3,0,18.061
1097,11.4271,12,10.25,0,152,136.287,0,14.957
1098,11.4375,12,10.5,0,159,136.275,0,12.297
1099,11.4479,12,10.75,0,150,136.262,0,10.047
1100,11.4583,12,11,0,146,136.25,0,8.166
1101,11.4688,12,11.25,0,141,136.238,0,6.606
1102,11.4792,12,11.5,0,136,136.225,0,5.323
1103,11.4896,12,11.75,0,149,136.213,0,22.15
1104,11.5,12,12,0,169,136.2,0,37.018
1105,11.5104,12,12.25,0,183,136.188,0,43.371
1106,11.5208,12,12.5,0,186,136.175,0,44.465
1107,11.5312,12,12.75,0,190,136.162,0,42.477
1108,11.5417,12,13,0,175,136.15,0,38.838
1109,11.5521,12,13.25,0,169,136.137,0,34.465
1110,11.5625,12,13.5,0,167,136.125,0,29.929
1111,11.5729,12,13.75,0,166,136.113,0,25.566
1112,11.5833,12,14,0,167,136.1,0,21.559
1113,11.5938,12,14.25,0,162,136.088,0,17.991
1114,11.6042,12,14.5,0,152,136.075,0,14.886
1115,11.6146,12,14.75,0,140,136.062,0,12.229
1116,11.625,12,15,0,137,136.05,0,9.985
1117,11.6354,12,15.25,0,131,136.037,0,8.11
1118,11.6458,12,15.5,0,138,136.025,0,6.558
1119,11.6562,12,15.75,0,133,136.012,0,5.281
1120,11.6667,12,16,0,132,136,0,4.238
1121,11.6771,12,16.25,0,137,135.988,0,3.39
1122,11.6875,12,16.5,0,135,135.975,0,2.704
1123,11.6979,12,16.75,0,136,135.963,0,2.152
1124,11.7083,12,17,0,134,135.95,0,1.708
1125,11.7188,12,17.25,0,135,135.938,0,1.353
1126,11.7292,12,17.5,0,140,135.925,0,1.07
1127,11.7396,12,17.75,0,136,135.912,0,0.844
1128,11.75,12,18,0,145,135.9,0,0.665
1129,11.7604,12,18.25,0,145,135.887,0,0.523
1130,11.7708,12,18.5,0,139,135.875,0,0.411
1131,11.7812,12,18.75,0,146,135.863,0,2.222
1132,11.7917,12,19,0,182,135.85,0,35.967
1133,11.8021,12,19.25,0,205,135.838,0,53.213
1134,11.8125,12,19.5,0,191,135.825,0,59.978
1135,11.8229,12,19.75,0,190,135.812,0,60.331
1136,11.8333,12,20,0,184,135.8,0,56.985
1137,11.8438,12,20.25,0,174,135.787,0,51.713
1138,11.8542,12,20.5,0,189,135.775,0,45.646
1139,11.8646,12,20.75,0,185,135.762,0,39.481
1140,11.875,12,21,0,180,135.75,0,33.62
1141,11.8854,12,21.25,0,167,135.738,0,28.281
1142,11.8958,12,21.5,0,160,135.725,0,23.553
1143,11.9062,12,21.75,0,164,135.713,0,19.455
1144,11.9167,12,22,0,161,135.7,0,15.96
1145,11.9271,12,22.25,0,155,135.688,0,13.015
1146,11.9375,12,22.5,0,147,135.675,0,10.561
1147,11.9479,12,22.75,0,141,135.662,0,8.531
1148,11.9583,12,23,0,142,135.65,0,6.864
1149,11.9688,12,23.25,0,141,135.637,0,5.504
1150,11.9792,12,23.5,0,140,135.625,0,4.4
1151,11.9896,12,23.75,0,137,135.613,0,3.508
1152,12,13,0,1,126,135.6,0,0
1153,12.0104,13,0.25,1,129,135.588,0,0
1154,12.0208,13,0.5,1,136,135.575,0,0
1155,12.0312,13,0.75,1,131,135.562,0,0
1156,12.0417,13,1,1,136,135.55,0,0
1157,12.0521,13,1.25,1,135,135.537,0,0
1158,12.0625,13,1.5,1,133,135.525,0,0.001
1159,12.0729,13,1.75,1,141,135.512,0,0.003
1160,12.0833,13,2,1,135,135.5,0,0.007
1161,12.0938,13,2.25,1,134,135.488,0,0.015
1162,12.1042,13,2.5,1,135,135.475,0,0.035
1163,12.1146,13,2.75,1,127,135.463,0,0.073
1164,12.125,13,3,1,126,135.45,0,0.147
1165,12.1354,13,3.25,1,123,135.438,0,0.278
1166,12.1458,13,3.5,1,125,135.425,0,0.497
1167,12.1562,13,3.75,1,131,135.412,0,0.843
1168,12.1667,13,4,1,125,135.4,0,1.352
1169,12.1771,13,4.25,1,127,135.387,0,2.051
1170,12.1875,13,4.5,1,131,135.375,0,2.943
1171,12.1979,13,4.75,1,141,135.363,0,3.995
1172,12.2083,13,5,1,141,135.35,0,5.129
1173,12.2188,13,5.25,1,146,135.338,0,6.23
1174,12.2292,13,5.5,1,143,135.325,0,7.159
1175,12.2396,13,5.75,1,144,135.312,0,7.781
1176,12.25,13,6,1,141,135.3,0,8
1177,12.2604,13,6.25,1,145,135.287,0,7.781
1178,12.2708,13,6.5,1,147,135.275,0,7.159
1179,12.2812,13,6.75,1,152,135.262,0,6.23
1180,12.2917,13,7,1,145,135.25,0,5.129
1181,12.3021,13,7.25,1,143,135.238,0,3.995
1182,12.3125,13,7.5,1,155,135.225,0,19.428
1183,12.3229,13,7.75,1,182,135.213,0,36.831
1184,12.3333,13,8,1,181,135.2,0,44.583
1185,12.3438,13,8.25,1,184,135.188,0,46.38
1186,12.3542,13,8.5,1,203,135.175,0,44.678
1187,12.3646,13,8.75,1,199,135.162,0,41.082
1188,12.375,13,9,1,193,135.15,0,36.613
1189,12.3854,13,9.25,1,180,135.137,0,31.906
1190,12.3958,13,9.5,1,175,135.125,0,27.336
1191,12.4062,13,9.75,1,172,135.113,0,23.111
1192,12.4167,13,10,1,163,135.1,0,19.331
1193,12.4271,13,10.25,1,163,135.088,0,16.026
1194,12.4375,13,10.5,1,148,135.075,0,13.188
1195,12.4479,13,10.75,1,145,135.062,0,10.785
1196,12.4583,13,11,1,154,135.05,0,8.771
1197,12.4688,13,11.25,1,158,135.037,0,7.1
1198,12.4792,13,11.5,1,146,135.025,0,5.724
1199,12.4896,13,11.75,1,144,135.012,0,4.597
1200,12.5,13,12,1,135,135,0,3.681
1201,12.5104,13,12.25,1,137,134.988,0,2.938
1202,12.5208,13,12.5,1,145,134.975,0,9.747
1203,12.5312,13,12.75,1,174,134.963,0,36.943
1204,12.5417,13,13,1,195,134.95,0,50.373
1205,12.5521,13,13.25,1,193,134.938,0,55.116
1206,12.5625,13,13.5,1,193,134.925,0,54.595
1207,12.5729,13,13.75,1,202,134.912,0,51.084
1208,12.5833,13,14,1,201,134.9,0,46.065
1209,12.5938,13,14.25,1,177,134.887,0,40.476
1210,12.6042,13,14.5,1,170,134.875,0,34.888
1211,12.6146,13,14.75,1,166,134.863,0,29.63
1212,12.625,13,15,1,155,134.85,0,24.87
1213,12.6354,13,15.25,1,156,134.838,0,20.676
1214,12.6458,13,15.5,1,160,134.825,0,17.053
1215,12.6562,13,15.75,1,161,134.812,0,13.972
1216,12.6667,13,16,1,151,134.8,0,11.382
1217,12.6771,13,16.25,1,152,134.787,0,9.226
1218,12.6875,13,16.5,1,143,134.775,0,7.447
1219,12.6979,13,16.75,1,138,134.762,0,5.988
1220,12.7083,13,17,1,139,134.75,0,4.799
1221,12.7188,13,17.25,1,129,134.738,0,3.834
1222,12.7292,13,17.5,1,136,134.725,0,3.055
1223,12.7396,13,17.75,1,135,134.713,0,2.428
1224,12.75,13,18,1,135,134.7,0,1.926
1225,12.7604,13,18.25,1,136,134.688,0,1.524
1226,12.7708,13,18.5,1,131,134.675,0,1.204
1227,12.7812,13,18.75,1,132,134.662,0,0.95
1228,12.7917,13,19,1,131,134.65,0,0.748
1229,12.8021,13,19.25,1,135,134.637,0,1.63
1230,12.8125,13,19.5,1,158,134.625,0,32.9
1231,12.8229,13,19.75,1,172,134.613,0,48.905
1232,12.8333,13,20,1,188,134.6,0,55.212
1233,12.8438,13,20.25,1,203,134.588,0,55.583
1234,12.8542,13,20.5,1,200,134.575,0,52.526
1235,12.8646,13,20.75,1,186,134.562,0,47.682
1236,12.875,13,21,1,180,134.55,0,42.098
1237,12.8854,13,21.25,1,167,134.537,0,36.418
1238,12.8958,13,21.5,1,170,134.525,0,31.017
1239,12.9062,13,21.75,1,168,134.512,0,26.093
1240,12.9167,13,22,1,165,134.5,0,21.734
1241,12.9271,13,22.25,1,164,134.488,0,17.954
1242,12.9375,13,22.5,1,166,134.475,0,14.729
1243,12.9479,13,22.75,1,156,134.463,0,12.012
1244,12.9583,13,23,1,149,134.45,0,9.747
1245,12.9688,13,23.25,1,141,134.438,0,7.874
1246,12.9792,13,23.5,1,140,134.425,0,6.336
1247,12.9896,13,23.75,1,141,134.412,0,5.081
1248,13,14,0,1,136,134.4,0,0
1249,13.0104,14,0.25,1,137,134.387,0,0
1250,13.0208,14,0.5,1,137,134.375,0,0
1251,13.0312,14,0.75,1,138,134.363,0,0
1252,13.0417,14,1,1,138,134.35,0,0
1253,13.0521,14,1.25,1,134,134.338,0,0
1254,13.0625,14,1.5,1,140,134.325,0,0.001
1255,13.0729,14,1.75,1,134,134.312,0,0.003
1256,13.0833,14,2,1,134,134.3,0,0.007
1257,13.0938,14,2.25,1,127,134.287,0,0.015
1258,13.1042,14,2.5,1,127,134.275,0,0.035
1259,13.1146,14,2.75,1,131,134.262,0,0.073
1260,13.125,14,3,1,133,134.25,0,0.147
1261,13.1354,14,3.25,1,136,134.238,0,0.278
1262,13.1458,14,3.5,1,133,134.225,0,0.497
1263,13.1562,14,3.75,1,132,134.213,0,0.843
1264,13.1667,14,4,1,129,134.2,0,1.352
1265,13.1771,14,4.25,1,130,134.188,0,2.051
1266,13.1875,14,4.5,1,134,134.175,0,2.943
1267,13.1979,14,4.75,1,136,134.162,0,3.995
1268,13.2083,14,5,1,138,134.15,0,5.129
1269,13.2188,14,5.25,1,135,134.137,0,6.23
1270,13.2292,14,5.5,1,140,134.125,0,7.159
1271,13.2396,14,5.75,1,134,134.113,0,7.781
1272,13.25,14,6,1,128,134.1,0,8
1273,13.2604,14,6.25,1,131,134.088,0,7.781
1274,13.2708,14,6.5,1,137,134.075,0,7.159
1275,13.2812,14,6.75,1,134,134.062,0,6.23
1276,13.2917,14,7,1,134,134.05,0,5.129
1277,13.3021,14,7.25,1,129,134.037,0,3.995
1278,13.3125,14,7.5,1,131,134.025,0,2.943
1279,13.3229,14,7.75,1,138,134.012,0,18.51
1280,13.3333,14,8,1,156,134,0,30.877
1281,13.3438,14,8.25,1,167,133.988,0,36.128
1282,13.3542,14,8.5,1,165,133.975,0,37.012
1283,13.3646,14,8.75,1,164,133.963,0,35.349
1284,13.375,14,9,1,159,133.95,0,32.327
1285,13.3854,14,9.25,1,153,133.938,0,28.702
1286,13.3958,14,9.5,1,156,133.925,0,24.942
1287,13.4062,14,9.75,1,144,133.912,0,21.322
1288,13.4167,14,10,1,137,133.9,0,17.994
1289,13.4271,14,10.25,1,137,133.887,0,15.028
1290,13.4375,14,10.5,1,138,133.875,0,12.443
1291,13.4479,14,10.75,1,129,133.863,0,10.228
1292,13.4583,14,11,1,137,133.85,0,8.356
1293,13.4688,14,11.25,1,143,133.838,0,6.79
1294,13.4792,14,11.5,1,140,133.825,0,5.492
1295,13.4896,14,11.75,1,135,133.812,0,4.425
1296,13.5,14,12,1,135,133.8,0,3.552
1297,13.5104,14,12.25,1,138,133.787,0,5.334
1298,13.5208,14,12.5,1,177,133.775,0,39.112
1299,13.5312,14,12.75,1,193,133.762,0,56.192
1300,13.5417,14,13,1,204,133.75,0,62.686
1301,13.5521,14,13.25,1,205,133.738,0,62.725
1302,13.5625,14,13.5,1,212,133.725,0,59.057
1303,13.5729,14,13.75,1,207,133.713,0,53.479
1304,13.5833,14,14,1,200,133.7,0,47.133
1305,13.5938,14,14.25,1,194,133.688,0,40.719
1306,13.6042,14,14.5,1,179,133.675,0,34.644
1307,13.6146,14,14.75,1,161,133.662,0,29.12
1308,13.625,14,15,1,161,133.65,0,24.238
1309,13.6354,14,15.25,1,151,133.637,0,20.011
1310,13.6458,14,15.5,1,148,133.625,0,16.409
1311,13.6562,14,15.75,1,152,133.613,0,13.377
1312,13.6667,14,16,1,141,133.6,0,10.85
1313,13.6771,14,16.25,1,139,133.588,0,8.763
1314,13.6875,14,16.5,1,138,133.575,0,7.049
1315,13.6979,14,16.75,1,135,133.562,0,5.652
1316,13.7083,14,17,1,141,133.55,0,4.517
1317,13.7188,14,17.25,1,143,133.537,0,3.601
1318,13.7292,14,17.5,1,143,133.525,0,2.863
1319,13.7396,14,17.75,1,140,133.512,0,2.271
1320,13.75,14,18,1,134,133.5,0,1.798
1321,13.7604,14,18.25,1,138,133.488,0,1.421
1322,13.7708,14,18.5,1,134,133.475,0,1.121
1323,13.7812,14,18.75,1,146,133.463,0,4.839
1324,13.7917,14,19,1,171,133.45,0,32.591
1325,13.8021,14,19.25,1,178,133.438,0,46.597
1326,13.8125,14,19.5,1,174,133.425,0,51.891
1327,13.8229,14,19.75,1,163,133.412,0,51.877
1328,13.8333,14,20,1,158,133.4,0,48.817
1329,13.8438,14,20.25,1,166,133.387,0,44.19
1330,13.8542,14,20.5,1,155,133.375,0,38.936
1331,13.8646,14,20.75,1,156,133.363,0,33.631
1332,13.875,14,21,1,142,133.35,0,28.609
1333,13.8854,14,21.25,1,143,133.338,0,24.044
1334,13.8958,14,21.5,1,147,133.325,0,20.011
1335,13.9062,14,21.75,1,137,133.312,0,16.52
1336,13.9167,14,22,1,140,133.3,0,13.545
1337,13.9271,14,22.25,1,139,133.287,0,11.042
1338,13.9375,14,22.5,1,135,133.275,0,8.956
1339,13.9479,14,22.75,1,137,133.262,0,7.232
1340,13.9583,14,23,1,135,133.25,0,5.818
1341,13.9688,14,23.25,1,126,133.238,0,4.664
1342,13.9792,14,23.5,1,126,133.225,0,3.728
1343,13.9896,14,23.75,1,127,133.213,0,2.971
