snp,block,maf,beta_true,is_causal
rs0001,1,0.4884,0.1616,1
rs0002,1,0.2949,0,0
rs0003,1,0.0615,0,0
rs0004,1,0.2635,0,0
rs0005,1,0.1859,0,0
rs0006,1,0.1209,0,0
rs0007,1,0.3111,0,0
rs0008,1,0.205,0,0
rs0009,1,0.3704,0,0
rs0010,1,0.079,0,0
rs0011,1,0.3124,0,0
rs0012,1,0.4403,0,0
rs0013,1,0.1176,0,0
rs0014,1,0.2405,0,0
rs0015,1,0.3537,0,0
rs0016,1,0.2911,0,0
rs0017,2,0.2257,0,0
rs0018,2,0.2356,0,0
rs0019,2,0.1473,0,0
rs0020,2,0.4447,0,0
rs0021,2,0.1031,0,0
rs0022,2,0.3532,0,0
rs0023,2,0.3746,0,0
rs0024,2,0.2131,0,0
rs0025,2,0.1941,0,0
rs0026,2,0.416,0,0
rs0027,2,0.0777,0,0
rs0028,2,0.1699,0,0
rs0029,2,0.1405,0,0
rs0030,2,0.1718,0,0
rs0031,2,0.0807,0,0
rs0032,2,0.4591,0,0
rs0033,2,0.4555,0,0
rs0034,2,0.0527,0,0
rs0035,2,0.2913,0,0
rs0036,2,0.242,0,0
rs0037,3,0.1034,0,0
rs0038,3,0.3772,0,0
rs0039,3,0.0729,0,0
rs0040,3,0.071,0,0
rs0041,3,0.4606,0,0
rs0042,3,0.1231,0,0
rs0043,3,0.3114,0,0
rs0044,3,0.3562,0,0
rs0045,3,0.0681,0,0
rs0046,3,0.211,0,0
rs0047,3,0.0736,0,0
rs0048,3,0.4424,0,0
rs0049,3,0.3431,0,0
rs0050,3,0.1997,0,0
rs0051,3,0.4691,0,0
rs0052,3,0.065,0,0
rs0053,3,0.2224,0,0
rs0054,3,0.09,0,0
rs0055,3,0.1335,0,0
rs0056,3,0.185,0,0
rs0057,4,0.1597,0,0
rs0058,4,0.0521,0,0
rs0059,4,0.1413,0,0
rs0060,4,0.457,0,0
rs0061,4,0.2831,0,0
rs0062,4,0.21,0,0
rs0063,4,0.3977,0,0
rs0064,4,0.2804,0,0
rs0065,4,0.0714,0,0
rs0066,4,0.2062,0,0
rs0067,4,0.1833,0,0
rs0068,4,0.1877,0,0
rs0069,4,0.2032,0,0
rs0070,4,0.2256,0,0
rs0071,4,0.1216,0,0
rs0072,4,0.298,0,0
rs0073,4,0.0948,0,0
rs0074,4,0.1371,0,0
rs0075,4,0.2101,0,0
rs0076,4,0.3602,0,0
rs0077,5,0.0732,0,0
rs0078,5,0.3661,0,0
rs0079,5,0.1709,0,0
rs0080,5,0.2065,0,0
rs0081,5,0.1121,0,0
rs0082,5,0.0547,-0.1753,1
rs0083,5,0.2231,0,0
rs0084,5,0.3548,0,0
rs0085,5,0.2291,0,0
rs0086,5,0.3282,0,0
rs0087,5,0.0571,0,0
rs0088,5,0.2798,0,0
rs0089,5,0.1973,0,0
rs0090,5,0.1329,0,0
rs0091,5,0.1267,0,0
rs0092,5,0.369,0,0
rs0093,5,0.2797,0,0
rs0094,5,0.1303,0,0
rs0095,5,0.222,0,0
rs0096,5,0.4752,0,0
rs0097,6,0.3637,0,0
rs0098,6,0.3426,0,0
rs0099,6,0.3892,0.1387,1
rs0100,6,0.1921,0,0
rs0101,6,0.166,0,0
rs0102,6,0.0934,0,0
rs0103,6,0.4778,0,0
rs0104,6,0.4194,0,0
rs0105,6,0.4195,0,0
rs0106,6,0.3207,0,0
rs0107,6,0.1218,0,0
rs0108,6,0.4995,0,0
rs0109,6,0.3041,0,0
rs0110,6,0.3205,0,0
rs0111,6,0.0515,0,0
rs0112,6,0.1561,0,0
rs0113,6,0.3382,0,0
rs0114,6,0.1513,0,0
rs0115,6,0.2758,0,0
rs0116,6,0.2361,0,0
rs0117,7,0.357,0,0
rs0118,7,0.2955,0,0
rs0119,7,0.3283,0,0
rs0120,7,0.3907,0,0
rs0121,7,0.4391,0,0
rs0122,7,0.3805,0,0
rs0123,7,0.1458,0,0
rs0124,7,0.3401,0,0
rs0125,7,0.0865,0,0
rs0126,7,0.1083,0,0
rs0127,7,0.096,0,0
rs0128,7,0.406,0,0
rs0129,7,0.2888,0,0
rs0130,7,0.2627,0,0
rs0131,7,0.1719,0,0
rs0132,7,0.1062,0,0
rs0133,7,0.0977,0,0
rs0134,7,0.3966,0,0
rs0135,7,0.1715,0,0
rs0136,7,0.1244,0,0
rs0137,8,0.1437,0,0
rs0138,8,0.4646,0,0
rs0139,8,0.092,0,0
rs0140,8,0.2595,0,0
rs0141,8,0.0678,0,0
rs0142,8,0.1644,0,0
rs0143,8,0.4659,0,0
rs0144,8,0.2272,0,0
rs0145,8,0.2167,0,0
rs0146,8,0.1964,0,0
rs0147,8,0.4023,0,0
rs0148,8,0.247,0,0
rs0149,8,0.2951,0,0
rs0150,8,0.4726,0,0
rs0151,8,0.0542,0,0
rs0152,8,0.1823,0,0
rs0153,8,0.193,0,0
rs0154,8,0.4077,0,0
rs0155,8,0.4254,0,0
rs0156,8,0.2919,0,0
rs0157,9,0.1834,0,0
rs0158,9,0.3143,0,0
rs0159,9,0.1831,0,0
rs0160,9,0.1882,0,0
rs0161,9,0.4014,0,0
rs0162,9,0.15,0,0
rs0163,9,0.4162,0,0
rs0164,9,0.194,0,0
rs0165,9,0.4809,0,0
rs0166,9,0.4551,0,0
rs0167,9,0.153,0,0
rs0168,9,0.2889,0,0
rs0169,9,0.4203,0,0
rs0170,9,0.2324,0,0
rs0171,9,0.1845,0,0
rs0172,9,0.1233,0,0
rs0173,9,0.1899,0,0
rs0174,9,0.4273,0,0
rs0175,9,0.168,0,0
rs0176,9,0.13,0,0
rs0177,10,0.2135,0,0
rs0178,10,0.2259,0,0
rs0179,10,0.2161,-0.1191,1
rs0180,10,0.2478,0,0
rs0181,10,0.2496,0,0
rs0182,10,0.2738,0,0
rs0183,10,0.0905,0,0
rs0184,10,0.2972,0,0
rs0185,10,0.2459,0,0
rs0186,10,0.3413,0,0
rs0187,10,0.3815,0,0
rs0188,10,0.1398,0.1336,1
rs0189,10,0.1361,0,0
rs0190,10,0.1023,0,0
rs0191,10,0.3665,0,0
rs0192,10,0.2365,0,0
rs0193,10,0.0651,0,0
rs0194,10,0.0975,0,0
rs0195,10,0.1067,0,0
rs0196,10,0.3809,0,0
rs0197,11,0.2195,0,0
rs0198,11,0.4969,0,0
rs0199,11,0.1819,0,0
rs0200,11,0.1133,0,0
rs0201,11,0.4629,0,0
rs0202,11,0.125,0,0
rs0203,11,0.1891,0,0
rs0204,11,0.2609,0,0
rs0205,11,0.3686,0,0
rs0206,11,0.305,0,0
rs0207,11,0.2523,0,0
rs0208,11,0.4937,0,0
rs0209,11,0.2359,0,0
rs0210,11,0.1854,0,0
rs0211,11,0.2585,0,0
rs0212,11,0.267,0,0
rs0213,11,0.395,0,0
rs0214,11,0.2117,0,0
rs0215,11,0.4123,0,0
rs0216,11,0.4526,0,0
rs0217,12,0.2781,0,0
rs0218,12,0.0971,0,0
rs0219,12,0.433,0,0
rs0220,12,0.2525,0,0
rs0221,12,0.1506,0,0
rs0222,12,0.3805,0,0
rs0223,12,0.0525,0,0
rs0224,12,0.3061,0,0
rs0225,12,0.2627,0,0
rs0226,12,0.3402,0,0
rs0227,12,0.282,0,0
rs0228,12,0.3315,0,0
rs0229,12,0.1784,0,0
rs0230,12,0.0914,0,0
rs0231,12,0.4269,0,0
rs0232,12,0.417,0.1079,1
rs0233,12,0.1148,0,0
rs0234,12,0.3058,0,0
rs0235,12,0.4577,0,0
rs0236,12,0.2775,0,0
rs0237,13,0.3428,0,0
rs0238,13,0.362,0,0
rs0239,13,0.1279,0,0
rs0240,13,0.4567,0,0
rs0241,13,0.2141,0,0
rs0242,13,0.3536,0,0
rs0243,13,0.2935,0,0
rs0244,13,0.125,0,0
rs0245,13,0.3466,0,0
rs0246,13,0.4679,0,0
rs0247,13,0.362,0,0
rs0248,13,0.1517,0,0
rs0249,13,0.0668,0,0
rs0250,13,0.1701,0,0
rs0251,13,0.3223,0,0
rs0252,13,0.3984,0,0
rs0253,13,0.351,0,0
rs0254,13,0.2906,0,0
rs0255,13,0.3795,0,0
rs0256,13,0.1138,0,0
rs0257,14,0.1492,0,0
rs0258,14,0.3431,0,0
rs0259,14,0.4688,0,0
rs0260,14,0.4404,0,0
rs0261,14,0.1409,0,0
rs0262,14,0.4571,0,0
rs0263,14,0.201,0,0
rs0264,14,0.4624,0,0
rs0265,14,0.2187,0,0
rs0266,14,0.2121,0,0
rs0267,14,0.0621,0,0
rs0268,14,0.3651,0,0
rs0269,14,0.4943,0,0
rs0270,14,0.1867,0,0
rs0271,14,0.348,0,0
rs0272,14,0.1674,0,0
rs0273,14,0.0571,0,0
rs0274,14,0.1435,0,0
rs0275,14,0.4543,0,0
rs0276,14,0.3215,0,0
rs0277,15,0.2494,0,0
rs0278,15,0.0619,0,0
rs0279,15,0.2894,0,0
rs0280,15,0.1527,0,0
rs0281,15,0.1553,0,0
rs0282,15,0.3637,0,0
rs0283,15,0.4139,0,0
rs0284,15,0.2469,0,0
rs0285,15,0.4344,0,0
rs0286,15,0.3597,0,0
rs0287,15,0.4808,0,0
rs0288,15,0.319,0,0
rs0289,15,0.4692,0,0
rs0290,15,0.0654,0,0
rs0291,15,0.1589,0,0
rs0292,15,0.3701,0,0
rs0293,15,0.0705,0,0
rs0294,15,0.1741,0,0
rs0295,15,0.2674,0,0
rs0296,15,0.2752,0,0
rs0297,16,0.0641,0,0
rs0298,16,0.11,0,0
rs0299,16,0.2501,0,0
rs0300,16,0.1032,0,0
rs0301,16,0.3538,0,0
rs0302,16,0.1831,0,0
rs0303,16,0.1346,0,0
rs0304,16,0.4599,0,0
rs0305,16,0.3725,0,0
rs0306,16,0.4357,0,0
rs0307,16,0.3911,0,0
rs0308,16,0.1527,0,0
rs0309,16,0.0562,0,0
rs0310,16,0.1475,0,0
rs0311,16,0.0929,0,0
rs0312,16,0.4698,0,0
rs0313,16,0.3825,0,0
rs0314,16,0.3837,0,0
rs0315,16,0.4353,0,0
rs0316,16,0.1636,0,0
rs0317,17,0.4077,0,0
rs0318,17,0.1429,0,0
rs0319,17,0.392,0,0
rs0320,17,0.2451,0,0
rs0321,17,0.4479,0,0
rs0322,17,0.3019,0,0
rs0323,17,0.2721,0,0
rs0324,17,0.2846,0,0
rs0325,17,0.056,0,0
rs0326,17,0.2879,0,0
rs0327,17,0.2401,0,0
rs0328,17,0.3975,0,0
rs0329,17,0.1789,0,0
rs0330,17,0.341,0,0
rs0331,17,0.4945,-0.1078,1
rs0332,17,0.383,0,0
rs0333,17,0.3701,0,0
rs0334,17,0.2806,0,0
rs0335,17,0.2559,0,0
rs0336,17,0.3826,0,0
rs0337,18,0.1288,0,0
rs0338,18,0.2683,0,0
rs0339,18,0.4019,0,0
rs0340,18,0.4569,0,0
rs0341,18,0.1916,0,0
rs0342,18,0.0681,0,0
rs0343,18,0.2189,0,0
rs0344,18,0.1581,0,0
rs0345,18,0.3325,0,0
rs0346,18,0.1816,0,0
rs0347,18,0.2981,0,0
rs0348,18,0.2026,0,0
rs0349,18,0.1682,0,0
rs0350,18,0.2435,0,0
rs0351,18,0.3276,0,0
rs0352,18,0.1882,0,0
rs0353,18,0.1433,0,0
rs0354,18,0.1276,0,0
rs0355,18,0.2109,0,0
rs0356,18,0.1765,0,0
rs0357,19,0.0989,0,0
rs0358,19,0.3146,0,0
rs0359,19,0.2398,0,0
rs0360,19,0.249,0,0
rs0361,19,0.1062,0,0
rs0362,19,0.3607,0,0
rs0363,19,0.242,0,0
rs0364,19,0.376,0,0
rs0365,19,0.3054,0,0
rs0366,19,0.1292,0,0
rs0367,19,0.2172,0,0
rs0368,19,0.1491,0,0
rs0369,19,0.1359,0,0
rs0370,19,0.4511,0,0
rs0371,19,0.1904,0,0
rs0372,19,0.2632,0,0
rs0373,19,0.2723,0,0
rs0374,19,0.4912,0,0
rs0375,19,0.3258,0,0
rs0376,19,0.0759,0,0
rs0377,20,0.2125,0,0
rs0378,20,0.1004,0,0
rs0379,20,0.0825,0,0
rs0380,20,0.4021,0,0
rs0381,20,0.0938,0,0
rs0382,20,0.4544,0,0
rs0383,20,0.395,0,0
rs0384,20,0.2883,0,0
rs0385,20,0.2749,0,0
rs0386,20,0.2888,0,0
rs0387,20,0.3078,0,0
rs0388,20,0.3037,0,0
rs0389,20,0.3031,0,0
rs0390,20,0.2926,0,0
rs0391,20,0.154,0,0
rs0392,20,0.4231,0,0
rs0393,20,0.4067,0,0
rs0394,20,0.3056,0,0
rs0395,20,0.3926,0,0
rs0396,20,0.1665,0,0
rs0397,21,0.1941,0,0
rs0398,21,0.2095,0,0
rs0399,21,0.4968,0,0
rs0400,21,0.0957,0,0
rs0401,21,0.1887,0,0
rs0402,21,0.353,0,0
rs0403,21,0.225,0,0
rs0404,21,0.1992,0,0
rs0405,21,0.4554,0,0
rs0406,21,0.4583,0,0
rs0407,21,0.362,0,0
rs0408,21,0.3095,0,0
rs0409,21,0.1348,0,0
rs0410,21,0.1525,0,0
rs0411,21,0.3845,0,0
rs0412,21,0.2377,0,0
rs0413,21,0.3813,0,0
rs0414,21,0.4558,0,0
rs0415,21,0.2928,0,0
rs0416,21,0.0546,0,0
rs0417,22,0.3647,0,0
rs0418,22,0.3673,0,0
rs0419,22,0.4669,0,0
rs0420,22,0.4292,0,0
rs0421,22,0.0708,0,0
rs0422,22,0.2398,0,0
rs0423,22,0.0542,0,0
rs0424,22,0.1219,0,0
rs0425,22,0.4061,0,0
rs0426,22,0.2585,0,0
rs0427,22,0.46,0,0
rs0428,22,0.3468,0,0
rs0429,22,0.2486,0,0
rs0430,22,0.235,-0.1176,1
rs0431,22,0.2787,0,0
rs0432,22,0.1349,0,0
rs0433,22,0.0513,0,0
rs0434,22,0.1553,0,0
rs0435,22,0.2167,0,0
rs0436,22,0.0911,0,0
rs0437,23,0.4055,0,0
rs0438,23,0.0578,0,0
rs0439,23,0.4784,0,0
rs0440,23,0.056,0,0
rs0441,23,0.3438,0,0
rs0442,23,0.0871,0,0
rs0443,23,0.4425,0,0
rs0444,23,0.3385,0,0
rs0445,23,0.3729,0,0
rs0446,23,0.36,0,0
rs0447,23,0.0564,0,0
rs0448,23,0.1312,0,0
rs0449,23,0.2078,0,0
rs0450,23,0.3089,0,0
rs0451,23,0.238,-0.1408,1
rs0452,23,0.2095,0,0
rs0453,23,0.052,0,0
rs0454,23,0.1945,0,0
rs0455,23,0.208,0,0
rs0456,23,0.3599,0,0
rs0457,24,0.0677,0,0
rs0458,24,0.3335,0,0
rs0459,24,0.2963,0,0
rs0460,24,0.3426,0,0
rs0461,24,0.4256,0,0
rs0462,24,0.2946,0,0
rs0463,24,0.0656,0,0
rs0464,24,0.4214,0,0
rs0465,24,0.2003,0,0
rs0466,24,0.34,0,0
rs0467,24,0.1683,0,0
rs0468,24,0.254,0,0
rs0469,24,0.4389,0,0
rs0470,24,0.3222,0,0
rs0471,24,0.4367,0,0
rs0472,24,0.1398,0,0
rs0473,24,0.1026,0,0
rs0474,24,0.2869,0,0
rs0475,24,0.4541,0,0
rs0476,24,0.4318,0,0
rs0477,25,0.2851,0,0
rs0478,25,0.4197,0,0
rs0479,25,0.2923,0,0
rs0480,25,0.2437,0,0
rs0481,25,0.2563,0,0
rs0482,25,0.2716,0,0
rs0483,25,0.1915,0,0
rs0484,25,0.0758,0,0
rs0485,25,0.129,0,0
rs0486,25,0.3522,0,0
rs0487,25,0.1421,0,0
rs0488,25,0.4582,0,0
rs0489,25,0.2746,0,0
rs0490,25,0.2785,0,0
rs0491,25,0.4859,0,0
rs0492,25,0.2218,0,0
rs0493,25,0.3198,0,0
rs0494,25,0.249,0,0
rs0495,25,0.2792,0,0
rs0496,25,0.3409,0,0
rs0497,26,0.4582,0,0
rs0498,26,0.3143,0,0
rs0499,26,0.3229,0,0
rs0500,26,0.0616,0,0
rs0501,26,0.1788,0,0
rs0502,26,0.4619,0,0
rs0503,26,0.2298,0,0
rs0504,26,0.0825,0,0
rs0505,26,0.0553,0,0
rs0506,26,0.4943,0,0
rs0507,26,0.4286,0,0
rs0508,26,0.4289,0,0
rs0509,26,0.1727,0,0
rs0510,26,0.4993,0,0
rs0511,26,0.2342,0,0
rs0512,26,0.0909,0,0
rs0513,26,0.4522,0,0
rs0514,26,0.149,0,0
rs0515,26,0.4318,0,0
rs0516,26,0.2242,0,0
rs0517,27,0.1729,0,0
rs0518,27,0.3425,0,0
rs0519,27,0.1374,0,0
rs0520,27,0.1503,0,0
rs0521,27,0.4378,0,0
rs0522,27,0.0765,0,0
rs0523,27,0.2069,0,0
rs0524,27,0.1641,0,0
rs0525,27,0.2218,0,0
rs0526,27,0.3301,0,0
rs0527,27,0.475,0,0
rs0528,27,0.2694,0,0
rs0529,27,0.3657,0,0
rs0530,27,0.4036,0,0
rs0531,27,0.1079,0,0
rs0532,27,0.4709,0,0
rs0533,27,0.3283,0,0
rs0534,27,0.3817,0,0
rs0535,27,0.1479,0,0
rs0536,27,0.1186,0,0
rs0537,28,0.1893,0,0
rs0538,28,0.3017,0,0
rs0539,28,0.4962,0,0
rs0540,28,0.0714,0,0
rs0541,28,0.2179,0,0
rs0542,28,0.3476,0,0
rs0543,28,0.4266,0,0
rs0544,28,0.3366,0,0
rs0545,28,0.0867,0,0
rs0546,28,0.2411,0,0
rs0547,28,0.1521,0,0
rs0548,28,0.0639,0,0
rs0549,28,0.4309,0,0
rs0550,28,0.4346,0,0
rs0551,28,0.0693,0,0
rs0552,28,0.0866,0,0
rs0553,28,0.3584,0,0
rs0554,28,0.4225,0,0
rs0555,28,0.3744,0,0
rs0556,28,0.4273,0,0
rs0557,29,0.0973,0,0
rs0558,29,0.2953,0,0
rs0559,29,0.24,0,0
rs0560,29,0.0548,0,0
rs0561,29,0.0855,0,0
rs0562,29,0.0964,0,0
rs0563,29,0.4835,0,0
rs0564,29,0.2442,0,0
rs0565,29,0.1077,0,0
rs0566,29,0.4792,0,0
rs0567,29,0.3837,0,0
rs0568,29,0.3901,0,0
rs0569,29,0.336,0,0
rs0570,29,0.1803,0,0
rs0571,29,0.2546,0,0
rs0572,29,0.0548,0,0
rs0573,29,0.1311,0,0
rs0574,29,0.2787,0,0
rs0575,29,0.2214,0,0
rs0576,29,0.4391,0,0
rs0577,30,0.3432,0,0
rs0578,30,0.1154,0,0
rs0579,30,0.2941,0,0
rs0580,30,0.115,0,0
rs0581,30,0.4792,0.1024,1
rs0582,30,0.1866,0,0
rs0583,30,0.4971,0,0
rs0584,30,0.3937,0,0
rs0585,30,0.1193,0,0
rs0586,30,0.1861,0,0
rs0587,30,0.3195,0,0
rs0588,30,0.4362,0,0
rs0589,30,0.3374,0,0
rs0590,30,0.156,0,0
rs0591,30,0.3616,0,0
rs0592,30,0.2251,0,0
rs0593,30,0.2945,0,0
rs0594,30,0.4144,0,0
rs0595,30,0.2264,0,0
rs0596,30,0.2521,0,0
rs0597,31,0.1331,0,0
rs0598,31,0.3242,0,0
rs0599,31,0.2316,0,0
rs0600,31,0.4914,0,0
rs0601,31,0.268,0,0
rs0602,31,0.4122,0,0
rs0603,31,0.4541,0,0
rs0604,31,0.1371,0,0
rs0605,31,0.1917,0,0
rs0606,31,0.2203,0,0
rs0607,31,0.2288,0,0
rs0608,31,0.127,0,0
rs0609,31,0.3094,0,0
rs0610,31,0.1503,0,0
rs0611,31,0.2294,0,0
rs0612,31,0.3525,0,0
rs0613,31,0.1191,0,0
rs0614,31,0.3601,0,0
rs0615,31,0.3688,0,0
rs0616,31,0.4046,0,0
rs0617,32,0.4065,0,0
rs0618,32,0.3191,0,0
rs0619,32,0.2139,0,0
rs0620,32,0.1951,0,0
rs0621,32,0.3147,0,0
rs0622,32,0.3695,0,0
rs0623,32,0.3977,0,0
rs0624,32,0.1221,0,0
rs0625,32,0.4545,0,0
rs0626,32,0.1832,0,0
rs0627,32,0.4861,0,0
rs0628,32,0.1781,0,0
rs0629,32,0.2945,0,0
rs0630,32,0.1125,0,0
rs0631,32,0.3247,0,0
rs0632,32,0.4526,0,0
rs0633,32,0.0589,0,0
rs0634,32,0.088,0,0
rs0635,32,0.4339,0,0
rs0636,32,0.2117,0,0
rs0637,33,0.4299,0,0
rs0638,33,0.3349,0,0
rs0639,33,0.1543,0,0
rs0640,33,0.1269,0,0
rs0641,33,0.1348,0,0
rs0642,33,0.3067,0,0
rs0643,33,0.2209,0,0
rs0644,33,0.055,0,0
rs0645,33,0.1275,0,0
rs0646,33,0.2143,0,0
rs0647,33,0.2455,0,0
rs0648,33,0.1357,0,0
rs0649,33,0.1446,0,0
rs0650,33,0.193,0,0
rs0651,33,0.2507,0,0
rs0652,33,0.3514,0,0
rs0653,33,0.1424,0,0
rs0654,33,0.0659,0,0
rs0655,33,0.3766,0,0
rs0656,33,0.4363,0,0
rs0657,34,0.1075,-0.1047,1
rs0658,34,0.4673,0,0
rs0659,34,0.2959,0,0
rs0660,34,0.2468,0,0
rs0661,34,0.0885,0,0
rs0662,34,0.4532,0,0
rs0663,34,0.203,0,0
rs0664,34,0.175,0,0
rs0665,34,0.1933,0,0
rs0666,34,0.4351,0,0
rs0667,34,0.1572,0,0
rs0668,34,0.2615,0,0
rs0669,34,0.1648,0,0
rs0670,34,0.0641,0,0
rs0671,34,0.3083,0,0
rs0672,34,0.4046,0,0
rs0673,34,0.1002,0,0
rs0674,34,0.135,0,0
rs0675,34,0.3093,0,0
rs0676,34,0.2066,0,0
rs0677,35,0.4174,0,0
rs0678,35,0.115,0,0
rs0679,35,0.4605,0,0
rs0680,35,0.0623,0,0
rs0681,35,0.1395,0,0
rs0682,35,0.1503,0,0
rs0683,35,0.4163,0,0
rs0684,35,0.1779,0,0
rs0685,35,0.3531,0,0
rs0686,35,0.1413,0,0
rs0687,35,0.4114,0,0
rs0688,35,0.345,0,0
rs0689,35,0.4942,0,0
rs0690,35,0.0965,0,0
rs0691,35,0.4036,0,0
rs0692,35,0.3213,0,0
rs0693,35,0.0735,0,0
rs0694,35,0.3716,0,0
rs0695,35,0.4048,0,0
rs0696,35,0.2456,0,0
rs0697,36,0.0535,0,0
rs0698,36,0.1194,0,0
rs0699,36,0.1737,0,0
rs0700,36,0.3945,0,0
rs0701,36,0.3535,0,0
rs0702,36,0.1801,0,0
rs0703,36,0.25,0,0
rs0704,36,0.4553,0,0
rs0705,36,0.1259,0,0
rs0706,36,0.3737,0,0
rs0707,36,0.2312,0,0
rs0708,36,0.3015,0,0
rs0709,36,0.069,0,0
rs0710,36,0.4081,0,0
rs0711,36,0.3774,0,0
rs0712,36,0.3384,0,0
rs0713,36,0.3207,0,0
rs0714,36,0.4481,0,0
rs0715,36,0.355,0,0
rs0716,36,0.257,0,0
rs0717,37,0.2454,0.1746,1
rs0718,37,0.4707,0,0
rs0719,37,0.098,0,0
rs0720,37,0.3492,0,0
rs0721,37,0.2783,0,0
rs0722,37,0.2643,0,0
rs0723,37,0.0919,0,0
rs0724,37,0.456,0,0
rs0725,37,0.4425,0,0
rs0726,37,0.3931,0,0
rs0727,37,0.2525,0,0
rs0728,37,0.3788,0,0
rs0729,37,0.1763,0,0
rs0730,37,0.1604,0,0
rs0731,37,0.4364,0,0
rs0732,37,0.2792,0,0
rs0733,37,0.1956,0,0
rs0734,37,0.3061,0,0
rs0735,37,0.109,0,0
rs0736,37,0.3013,0,0
rs0737,38,0.3193,0,0
rs0738,38,0.4819,0,0
rs0739,38,0.3759,0,0
rs0740,38,0.0578,0,0
rs0741,38,0.1226,0,0
rs0742,38,0.1786,0,0
rs0743,38,0.3499,0,0
rs0744,38,0.1459,0,0
rs0745,38,0.0613,0,0
rs0746,38,0.1559,0,0
rs0747,38,0.3894,0,0
rs0748,38,0.2451,0,0
rs0749,38,0.3604,0,0
rs0750,38,0.4731,0,0
rs0751,38,0.4189,0,0
rs0752,38,0.4734,0,0
rs0753,38,0.292,0,0
rs0754,38,0.053,0,0
rs0755,38,0.1788,0,0
rs0756,38,0.1752,0,0
rs0757,39,0.2942,0,0
rs0758,39,0.4322,0,0
rs0759,39,0.3341,0,0
rs0760,39,0.0947,0,0
rs0761,39,0.1965,0,0
rs0762,39,0.0699,0,0
rs0763,39,0.424,0,0
rs0764,39,0.3118,0,0
rs0765,39,0.0924,0,0
rs0766,39,0.3492,0,0
rs0767,39,0.3201,0,0
rs0768,39,0.2896,0,0
rs0769,39,0.0654,0,0
rs0770,39,0.4865,0,0
rs0771,39,0.3867,0,0
rs0772,39,0.4218,0,0
rs0773,39,0.1744,0,0
rs0774,39,0.4449,0,0
rs0775,39,0.4525,0,0
rs0776,39,0.4538,0,0
rs0777,40,0.3178,0,0
rs0778,40,0.0699,0,0
rs0779,40,0.2831,0,0
rs0780,40,0.0968,0,0
rs0781,40,0.3519,0,0
rs0782,40,0.4637,0,0
rs0783,40,0.4081,0,0
rs0784,40,0.3257,0,0
rs0785,40,0.4024,0,0
rs0786,40,0.4061,0,0
rs0787,40,0.0899,0,0
rs0788,40,0.2267,0,0
rs0789,40,0.0654,0,0
rs0790,40,0.2067,0,0
rs0791,40,0.3639,0,0
rs0792,40,0.3859,0,0
rs0793,40,0.2325,0,0
rs0794,40,0.1733,0,0
rs0795,40,0.2223,0,0
rs0796,40,0.4894,0,0
rs0797,41,0.3624,0,0
rs0798,41,0.1137,0,0
rs0799,41,0.0779,0,0
rs0800,41,0.281,0,0
rs0801,41,0.2057,0,0
rs0802,41,0.3101,0,0
rs0803,41,0.2396,0,0
rs0804,41,0.092,0,0
rs0805,41,0.3127,0,0
rs0806,41,0.0623,0,0
rs0807,41,0.4176,0,0
rs0808,41,0.2013,0,0
rs0809,41,0.2535,0,0
rs0810,41,0.4492,0,0
rs0811,41,0.1135,0,0
rs0812,41,0.0929,0,0
rs0813,41,0.0505,0,0
rs0814,41,0.4863,0,0
rs0815,41,0.3616,0,0
rs0816,41,0.2474,0,0
rs0817,42,0.1501,0,0
rs0818,42,0.3891,0,0
rs0819,42,0.2801,0,0
rs0820,42,0.2362,0,0
rs0821,42,0.2578,0,0
rs0822,42,0.0747,0,0
rs0823,42,0.0512,0,0
rs0824,42,0.164,0,0
rs0825,42,0.1179,0,0
rs0826,42,0.066,0,0
rs0827,42,0.408,0,0
rs0828,42,0.1165,0,0
rs0829,42,0.0991,0,0
rs0830,42,0.3622,0,0
rs0831,42,0.184,0,0
rs0832,42,0.2614,0,0
rs0833,42,0.4321,0,0
rs0834,42,0.3334,0.1211,1
rs0835,42,0.2552,0,0
rs0836,42,0.1739,0,0
rs0837,43,0.419,0,0
rs0838,43,0.192,0,0
rs0839,43,0.3365,0,0
rs0840,43,0.3621,0,0
rs0841,43,0.2091,0,0
rs0842,43,0.2236,0,0
rs0843,43,0.3056,0,0
rs0844,43,0.2443,0,0
rs0845,43,0.3964,0,0
rs0846,43,0.2785,0,0
rs0847,43,0.0739,0,0
rs0848,43,0.1631,0,0
rs0849,43,0.3017,0,0
rs0850,43,0.2637,0,0
rs0851,43,0.0683,0,0
rs0852,43,0.435,0,0
rs0853,43,0.4642,0,0
rs0854,43,0.1775,0,0
rs0855,43,0.2471,0,0
rs0856,43,0.2006,0,0
rs0857,44,0.1972,0,0
rs0858,44,0.4173,0,0
rs0859,44,0.4346,0,0
rs0860,44,0.0806,0,0
rs0861,44,0.3928,0,0
rs0862,44,0.1717,0,0
rs0863,44,0.0898,0,0
rs0864,44,0.4465,0,0
rs0865,44,0.2287,0,0
rs0866,44,0.2737,0,0
rs0867,44,0.2919,0,0
rs0868,44,0.2167,0,0
rs0869,44,0.393,0,0
rs0870,44,0.4104,0,0
rs0871,44,0.0612,0,0
rs0872,44,0.1562,0,0
rs0873,44,0.2663,0,0
rs0874,44,0.234,0,0
rs0875,44,0.296,0,0
rs0876,44,0.4118,0,0
rs0877,45,0.3984,0,0
rs0878,45,0.1051,0,0
rs0879,45,0.4919,0,0
rs0880,45,0.2279,0,0
rs0881,45,0.115,0,0
rs0882,45,0.3523,0,0
rs0883,45,0.4176,0,0
rs0884,45,0.4665,0,0
rs0885,45,0.3274,0,0
rs0886,45,0.3113,0,0
rs0887,45,0.3645,0,0
rs0888,45,0.1043,0,0
rs0889,45,0.3851,0,0
rs0890,45,0.3597,0,0
rs0891,45,0.2761,0,0
rs0892,45,0.2957,0,0
rs0893,45,0.3366,0,0
rs0894,45,0.4395,0,0
rs0895,45,0.416,0,0
rs0896,45,0.1036,0,0
rs0897,46,0.3897,0,0
rs0898,46,0.1619,0,0
rs0899,46,0.3192,0,0
rs0900,46,0.0826,0,0
rs0901,46,0.2762,0,0
rs0902,46,0.4136,0,0
rs0903,46,0.2382,0,0
rs0904,46,0.2808,0,0
rs0905,46,0.229,0,0
rs0906,46,0.1282,0,0
rs0907,46,0.1163,0,0
rs0908,46,0.3474,0,0
rs0909,46,0.2932,0,0
rs0910,46,0.3336,0,0
rs0911,46,0.2063,0,0
rs0912,46,0.0847,0,0
rs0913,46,0.1786,0,0
rs0914,46,0.1252,0,0
rs0915,46,0.438,0,0
rs0916,46,0.1477,0,0
rs0917,47,0.0911,0,0
rs0918,47,0.2044,0,0
rs0919,47,0.3783,0,0
rs0920,47,0.1367,0,0
rs0921,47,0.25,0,0
rs0922,47,0.0966,0,0
rs0923,47,0.1202,0,0
rs0924,47,0.099,0,0
rs0925,47,0.4763,0,0
rs0926,47,0.4466,0,0
rs0927,47,0.1097,0,0
rs0928,47,0.4488,0,0
rs0929,47,0.2473,0,0
rs0930,47,0.2472,0,0
rs0931,47,0.3542,0,0
rs0932,47,0.1904,0,0
rs0933,47,0.4947,0,0
rs0934,47,0.2033,0,0
rs0935,47,0.0732,0,0
rs0936,47,0.2726,0,0
rs0937,48,0.2057,0,0
rs0938,48,0.403,0,0
rs0939,48,0.0843,0,0
rs0940,48,0.3098,0,0
rs0941,48,0.1645,0,0
rs0942,48,0.0937,0,0
rs0943,48,0.3283,0,0
rs0944,48,0.4915,0,0
rs0945,48,0.4379,0,0
rs0946,48,0.3909,0,0
rs0947,48,0.1699,0,0
rs0948,48,0.0627,0,0
rs0949,48,0.3013,0,0
rs0950,48,0.0993,0,0
rs0951,48,0.1131,0,0
rs0952,48,0.3348,0,0
rs0953,48,0.3857,0,0
rs0954,48,0.1405,0,0
rs0955,48,0.297,0,0
rs0956,48,0.3319,0,0
rs0957,49,0.4735,0,0
rs0958,49,0.0735,0,0
rs0959,49,0.0688,0,0
rs0960,49,0.3308,0,0
rs0961,49,0.1567,0,0
rs0962,49,0.3998,0,0
rs0963,49,0.2843,0,0
rs0964,49,0.2103,0,0
rs0965,49,0.3701,0,0
rs0966,49,0.1824,0,0
rs0967,49,0.2221,0.3119,1
rs0968,49,0.1812,0,0
rs0969,49,0.2159,0,0
rs0970,49,0.1031,0,0
rs0971,49,0.3654,0,0
rs0972,49,0.1934,0,0
rs0973,49,0.2705,0,0
rs0974,49,0.4037,0,0
rs0975,49,0.1759,0,0
rs0976,49,0.1646,0,0
rs0977,50,0.3509,0,0
rs0978,50,0.0809,0,0
rs0979,50,0.1814,0,0
rs0980,50,0.3962,0,0
rs0981,50,0.4474,0,0
rs0982,50,0.2126,0,0
rs0983,50,0.429,0,0
rs0984,50,0.1464,0,0
rs0985,50,0.233,0,0
rs0986,50,0.199,0,0
rs0987,50,0.3719,0,0
rs0988,50,0.494,0,0
rs0989,50,0.1908,0,0
rs0990,50,0.3362,0,0
rs0991,50,0.2844,0,0
rs0992,50,0.2992,0,0
rs0993,50,0.3073,0,0
rs0994,50,0.198,0,0
rs0995,50,0.3146,0,0
rs0996,50,0.1591,0,0
rs0997,51,0.2901,0,0
rs0998,51,0.2229,0,0
rs0999,51,0.2185,0,0
rs1000,51,0.0546,0,0
rs1001,51,0.2536,0,0
rs1002,51,0.2009,0,0
rs1003,51,0.1365,0,0
rs1004,51,0.1419,0,0
rs1005,51,0.2258,0,0
rs1006,51,0.1802,0,0
rs1007,51,0.3853,0,0
rs1008,51,0.1698,0,0
rs1009,51,0.1048,0,0
rs1010,51,0.1862,0,0
rs1011,51,0.2132,0,0
rs1012,51,0.4839,0,0
rs1013,51,0.2359,0,0
rs1014,51,0.3396,0,0
rs1015,51,0.443,0,0
rs1016,51,0.3196,0,0
rs1017,52,0.1855,0,0
rs1018,52,0.1355,0,0
rs1019,52,0.253,0,0
rs1020,52,0.285,0,0
rs1021,52,0.087,0,0
rs1022,52,0.401,0,0
rs1023,52,0.487,0,0
rs1024,52,0.4844,0,0
rs1025,52,0.2296,0,0
rs1026,52,0.3895,0,0
rs1027,52,0.3686,0,0
rs1028,52,0.4269,0,0
rs1029,52,0.2853,-0.1434,1
rs1030,52,0.139,0,0
rs1031,52,0.4109,0,0
rs1032,52,0.4227,0,0
rs1033,52,0.3776,0,0
rs1034,52,0.0655,0,0
rs1035,52,0.3005,0,0
rs1036,52,0.2883,0,0
rs1037,53,0.2002,0,0
rs1038,53,0.1879,0,0
rs1039,53,0.2285,-0.3458,1
rs1040,53,0.4353,0,0
rs1041,53,0.4734,0,0
rs1042,53,0.4763,0,0
rs1043,53,0.3136,0,0
rs1044,53,0.3458,0,0
rs1045,53,0.299,0,0
rs1046,53,0.1663,0,0
rs1047,53,0.1358,0,0
rs1048,53,0.1746,0,0
rs1049,53,0.3186,0,0
rs1050,53,0.1891,0,0
rs1051,53,0.1358,0,0
rs1052,53,0.2278,0,0
rs1053,53,0.1384,0,0
rs1054,53,0.0632,0,0
rs1055,53,0.1706,0,0
rs1056,53,0.0954,0,0
rs1057,54,0.4495,0,0
rs1058,54,0.2832,0,0
rs1059,54,0.3067,0,0
rs1060,54,0.054,0,0
rs1061,54,0.2979,0,0
rs1062,54,0.3642,0,0
rs1063,54,0.3066,0,0
rs1064,54,0.1836,0,0
rs1065,54,0.3263,0,0
rs1066,54,0.097,0,0
rs1067,54,0.4523,0,0
rs1068,54,0.0696,0,0
rs1069,54,0.1007,0,0
rs1070,54,0.2935,0,0
rs1071,54,0.1582,0,0
rs1072,54,0.0766,0,0
rs1073,54,0.4423,0,0
rs1074,54,0.3215,0,0
rs1075,54,0.0599,0,0
rs1076,54,0.3014,0,0
rs1077,55,0.307,0,0
rs1078,55,0.4673,-0.0907,1
rs1079,55,0.3329,0,0
rs1080,55,0.4968,0,0
rs1081,55,0.1595,0,0
rs1082,55,0.3796,0,0
rs1083,55,0.2686,0,0
rs1084,55,0.1553,0,0
rs1085,55,0.1328,0,0
rs1086,55,0.4932,0,0
rs1087,55,0.1493,0,0
rs1088,55,0.24,0,0
rs1089,55,0.3749,0,0
rs1090,55,0.442,0,0
rs1091,55,0.1026,0,0
rs1092,55,0.1256,0,0
rs1093,55,0.3052,0,0
rs1094,55,0.2474,0,0
rs1095,55,0.1327,0,0
rs1096,55,0.1716,0,0
rs1097,56,0.2244,0,0
rs1098,56,0.2362,0,0
rs1099,56,0.3694,0,0
rs1100,56,0.152,0,0
rs1101,56,0.2655,0,0
rs1102,56,0.3745,0,0
rs1103,56,0.3943,0,0
rs1104,56,0.1029,0,0
rs1105,56,0.0693,-0.144,1
rs1106,56,0.2117,0,0
rs1107,56,0.304,0,0
rs1108,56,0.48,0,0
rs1109,56,0.4647,0,0
rs1110,56,0.1927,0,0
rs1111,56,0.213,0,0
rs1112,56,0.1496,0,0
rs1113,56,0.2015,0,0
rs1114,56,0.1136,0,0
rs1115,56,0.2073,0,0
rs1116,56,0.2379,0,0
rs1117,57,0.3506,0,0
rs1118,57,0.3946,0,0
rs1119,57,0.0815,0,0
rs1120,57,0.261,0,0
rs1121,57,0.2858,0,0
rs1122,57,0.3396,0,0
rs1123,57,0.115,0,0
rs1124,57,0.3054,0,0
rs1125,57,0.2115,0,0
rs1126,57,0.4061,0,0
rs1127,57,0.2696,0,0
rs1128,57,0.4327,0,0
rs1129,57,0.109,0,0
rs1130,57,0.1385,0,0
rs1131,57,0.414,0,0
rs1132,57,0.0995,0,0
rs1133,57,0.4838,0,0
rs1134,57,0.1554,0,0
rs1135,57,0.3084,0,0
rs1136,57,0.484,0,0
rs1137,58,0.1843,0,0
rs1138,58,0.089,0,0
rs1139,58,0.4531,0,0
rs1140,58,0.0968,0,0
rs1141,58,0.2413,0,0
rs1142,58,0.0542,0,0
rs1143,58,0.3598,0,0
rs1144,58,0.4886,0,0
rs1145,58,0.3224,0,0
rs1146,58,0.3846,0,0
rs1147,58,0.2905,0,0
rs1148,58,0.375,0,0
rs1149,58,0.0777,0,0
rs1150,58,0.2501,0,0
rs1151,58,0.4844,0,0
rs1152,58,0.4638,0,0
rs1153,58,0.4688,0,0
rs1154,58,0.2323,0,0
rs1155,58,0.0923,0,0
rs1156,58,0.2222,0,0
rs1157,59,0.0739,0,0
rs1158,59,0.2679,0,0
rs1159,59,0.4283,0,0
rs1160,59,0.1005,0,0
rs1161,59,0.4623,0,0
rs1162,59,0.3508,0,0
rs1163,59,0.1282,0,0
rs1164,59,0.2391,0,0
rs1165,59,0.1516,0,0
rs1166,59,0.1188,0,0
rs1167,59,0.2655,0,0
rs1168,59,0.4911,0,0
rs1169,59,0.4808,0,0
rs1170,59,0.3874,0,0
rs1171,59,0.183,0,0
rs1172,59,0.2051,0,0
rs1173,59,0.2988,0,0
rs1174,59,0.174,0,0
rs1175,59,0.1317,0,0
rs1176,59,0.2605,0,0
rs1177,60,0.2565,0,0
rs1178,60,0.1599,0,0
rs1179,60,0.3844,0,0
rs1180,60,0.4851,0,0
rs1181,60,0.3373,0,0
rs1182,60,0.371,0,0
rs1183,60,0.2147,0,0
rs1184,60,0.2,0,0
rs1185,60,0.0628,0,0
rs1186,60,0.1303,0,0
rs1187,60,0.3052,0,0
rs1188,60,0.4442,0,0
rs1189,60,0.4584,0,0
rs1190,60,0.2605,0,0
rs1191,60,0.2031,0,0
rs1192,60,0.3029,0,0
rs1193,60,0.1971,0,0
rs1194,60,0.0607,0,0
rs1195,60,0.3939,0,0
rs1196,60,0.2377,0,0
rs1197,61,0.0938,0,0
rs1198,61,0.3746,0,0
rs1199,61,0.1314,0.1731,1
rs1200,61,0.1636,0,0
rs1201,61,0.1808,0,0
rs1202,61,0.1111,0,0
rs1203,61,0.1385,0,0
rs1204,61,0.2245,0,0
rs1205,61,0.435,0,0
rs1206,61,0.172,0,0
rs1207,61,0.3966,0,0
rs1208,61,0.1365,0,0
rs1209,61,0.1011,0,0
rs1210,61,0.4342,0,0
rs1211,61,0.2866,0,0
rs1212,61,0.0827,0,0
rs1213,61,0.3835,0,0
rs1214,61,0.1455,0,0
rs1215,61,0.446,0.399,1
rs1216,61,0.4145,0,0
rs1217,62,0.3357,0,0
rs1218,62,0.1393,0,0
rs1219,62,0.3841,0,0
rs1220,62,0.2551,0,0
rs1221,62,0.4041,0,0
rs1222,62,0.0502,0,0
rs1223,62,0.4604,0,0
rs1224,62,0.3529,0,0
rs1225,62,0.3593,0,0
rs1226,62,0.431,0,0
rs1227,62,0.2249,0,0
rs1228,62,0.4595,0,0
rs1229,62,0.052,-0.1783,1
rs1230,62,0.2768,0,0
rs1231,62,0.0568,0,0
rs1232,62,0.1414,0,0
rs1233,62,0.3698,0,0
rs1234,62,0.4122,0,0
rs1235,62,0.3409,0,0
rs1236,62,0.4193,-0.1202,1
rs1237,63,0.3763,0,0
rs1238,63,0.3379,0,0
rs1239,63,0.3453,0,0
rs1240,63,0.286,0,0
rs1241,63,0.3242,0.158,1
rs1242,63,0.3052,0,0
rs1243,63,0.1893,0,0
rs1244,63,0.1033,0,0
rs1245,63,0.1314,0,0
rs1246,63,0.1127,0,0
rs1247,63,0.2912,0,0
rs1248,63,0.3515,0,0
rs1249,63,0.4897,0,0
rs1250,63,0.3884,0,0
rs1251,63,0.157,0,0
rs1252,63,0.359,0,0
rs1253,63,0.1242,0,0
rs1254,63,0.0972,0,0
rs1255,63,0.4749,0,0
rs1256,63,0.3149,0,0
rs1257,64,0.273,0,0
rs1258,64,0.2909,0,0
rs1259,64,0.2534,0,0
rs1260,64,0.1368,0,0
rs1261,64,0.1768,0,0
rs1262,64,0.3551,0,0
rs1263,64,0.3256,0,0
rs1264,64,0.0548,0,0
rs1265,64,0.1057,0,0
rs1266,64,0.3607,0,0
rs1267,64,0.4651,0,0
rs1268,64,0.0729,0,0
rs1269,64,0.3711,0,0
rs1270,64,0.2418,0,0
rs1271,64,0.3812,0,0
rs1272,64,0.0717,0,0
rs1273,64,0.1149,0,0
rs1274,64,0.1483,0,0
rs1275,64,0.2385,0,0
rs1276,64,0.1441,0,0
rs1277,65,0.0503,0,0
rs1278,65,0.2466,0,0
rs1279,65,0.4692,0.1297,1
rs1280,65,0.4639,0,0
rs1281,65,0.0664,0,0
rs1282,65,0.405,0,0
rs1283,65,0.4019,0,0
rs1284,65,0.3424,0,0
rs1285,65,0.3711,0,0
rs1286,65,0.436,0,0
rs1287,65,0.1413,0,0
rs1288,65,0.3963,0,0
rs1289,65,0.3233,0,0
rs1290,65,0.0694,0,0
rs1291,65,0.3473,0,0
rs1292,65,0.4321,0,0
rs1293,65,0.1984,0,0
rs1294,65,0.2511,0,0
rs1295,65,0.3863,0,0
rs1296,65,0.1404,0,0
rs1297,66,0.3091,0,0
rs1298,66,0.1797,0,0
rs1299,66,0.2858,0,0
rs1300,66,0.2141,0,0
rs1301,66,0.4923,0,0
rs1302,66,0.141,0,0
rs1303,66,0.4287,0,0
rs1304,66,0.3381,0,0
rs1305,66,0.2409,0,0
rs1306,66,0.1467,0,0
rs1307,66,0.0894,0,0
rs1308,66,0.4364,0,0
rs1309,66,0.0867,0,0
rs1310,66,0.3119,0,0
rs1311,66,0.4345,0,0
rs1312,66,0.3498,0,0
rs1313,66,0.2435,0,0
rs1314,66,0.2386,0,0
rs1315,66,0.1484,0,0
rs1316,66,0.4834,0,0
rs1317,67,0.3057,0,0
rs1318,67,0.1606,0,0
rs1319,67,0.088,0,0
rs1320,67,0.3302,0,0
rs1321,67,0.1057,0,0
rs1322,67,0.1926,0,0
rs1323,67,0.2966,0,0
rs1324,67,0.2644,0,0
rs1325,67,0.148,0,0
rs1326,67,0.0723,0,0
rs1327,67,0.3229,0,0
rs1328,67,0.4937,0,0
rs1329,67,0.4701,0,0
rs1330,67,0.0668,0,0
rs1331,67,0.3292,0,0
rs1332,67,0.2786,0,0
rs1333,67,0.0974,0,0
rs1334,67,0.0598,0,0
rs1335,67,0.4517,0,0
rs1336,67,0.4717,0,0
rs1337,68,0.4594,0,0
rs1338,68,0.1312,0,0
rs1339,68,0.1524,0,0
rs1340,68,0.4279,0,0
rs1341,68,0.4803,0,0
rs1342,68,0.0902,0,0
rs1343,68,0.2034,0,0
rs1344,68,0.4329,0,0
rs1345,68,0.2331,0,0
rs1346,68,0.2312,0,0
rs1347,68,0.3439,0,0
rs1348,68,0.0523,0,0
rs1349,68,0.3751,0,0
rs1350,68,0.1796,-0.1439,1
rs1351,68,0.2656,0,0
rs1352,68,0.3507,0,0
rs1353,68,0.1011,0,0
rs1354,68,0.4663,0,0
rs1355,68,0.2667,0,0
rs1356,68,0.4814,0,0
rs1357,69,0.2826,0,0
rs1358,69,0.2591,0,0
rs1359,69,0.1289,0,0
rs1360,69,0.3786,0,0
rs1361,69,0.4438,0,0
rs1362,69,0.2834,0,0
rs1363,69,0.3001,0,0
rs1364,69,0.233,0,0
rs1365,69,0.122,0,0
rs1366,69,0.2648,0,0
rs1367,69,0.252,0,0
rs1368,69,0.4116,0,0
rs1369,69,0.2051,0,0
rs1370,69,0.2891,0,0
rs1371,69,0.1797,0,0
rs1372,69,0.2996,0,0
rs1373,69,0.3206,0,0
rs1374,69,0.1906,0,0
rs1375,69,0.2103,0,0
rs1376,69,0.2636,0,0
rs1377,70,0.4089,0,0
rs1378,70,0.4715,0,0
rs1379,70,0.3623,0,0
rs1380,70,0.4961,0,0
rs1381,70,0.3096,0,0
rs1382,70,0.3633,0,0
rs1383,70,0.2545,0,0
rs1384,70,0.2574,0,0
rs1385,70,0.1458,0,0
rs1386,70,0.1368,0,0
rs1387,70,0.4238,0,0
rs1388,70,0.4576,0,0
rs1389,70,0.4973,0,0
rs1390,70,0.2218,0,0
rs1391,70,0.4206,0,0
rs1392,70,0.4505,0,0
rs1393,70,0.0523,0,0
rs1394,70,0.4353,0,0
rs1395,70,0.0929,0,0
rs1396,70,0.4052,0,0
rs1397,71,0.0523,0,0
rs1398,71,0.1184,0,0
rs1399,71,0.4485,0,0
rs1400,71,0.2067,0,0
rs1401,71,0.223,0,0
rs1402,71,0.3809,0,0
rs1403,71,0.1285,0,0
rs1404,71,0.2888,0,0
rs1405,71,0.3306,0,0
rs1406,71,0.2812,0,0
rs1407,71,0.2076,0,0
rs1408,71,0.1957,0,0
rs1409,71,0.3987,0,0
rs1410,71,0.3787,0,0
rs1411,71,0.2106,0,0
rs1412,71,0.4947,0,0
rs1413,71,0.2844,0,0
rs1414,71,0.1222,0,0
rs1415,71,0.3634,0,0
rs1416,71,0.1965,0,0
rs1417,72,0.4054,0,0
rs1418,72,0.4133,0,0
rs1419,72,0.304,0,0
rs1420,72,0.0688,0,0
rs1421,72,0.2835,0,0
rs1422,72,0.3014,0.3408,1
rs1423,72,0.1064,0,0
rs1424,72,0.2162,0,0
rs1425,72,0.2208,0,0
rs1426,72,0.2572,0,0
rs1427,72,0.186,0,0
rs1428,72,0.096,0,0
rs1429,72,0.1166,0,0
rs1430,72,0.4376,0,0
rs1431,72,0.0751,0,0
rs1432,72,0.4795,0,0
rs1433,72,0.2697,0,0
rs1434,72,0.3863,0,0
rs1435,72,0.0703,0,0
rs1436,72,0.1865,0,0
rs1437,73,0.2111,0,0
rs1438,73,0.4375,0,0
rs1439,73,0.4211,0,0
rs1440,73,0.2401,0,0
rs1441,73,0.1944,0,0
rs1442,73,0.2111,0,0
rs1443,73,0.4204,0,0
rs1444,73,0.0725,0,0
rs1445,73,0.2623,0,0
rs1446,73,0.3045,0,0
rs1447,73,0.1944,0,0
rs1448,73,0.1028,0,0
rs1449,73,0.4595,0,0
rs1450,73,0.2682,0,0
rs1451,73,0.2953,0,0
rs1452,73,0.3115,0,0
rs1453,73,0.2301,0,0
rs1454,73,0.2373,0,0
rs1455,73,0.1547,0,0
rs1456,73,0.4951,0,0
rs1457,74,0.4862,0,0
rs1458,74,0.2911,0,0
rs1459,74,0.4123,0,0
rs1460,74,0.2761,0,0
rs1461,74,0.3129,0,0
rs1462,74,0.2555,-0.1178,1
rs1463,74,0.2915,0,0
rs1464,74,0.4961,0,0
rs1465,74,0.3884,0,0
rs1466,74,0.3951,0,0
rs1467,74,0.1969,0,0
rs1468,74,0.302,0,0
rs1469,74,0.2339,0,0
rs1470,74,0.1642,0,0
rs1471,74,0.4365,0,0
rs1472,74,0.3433,0,0
rs1473,74,0.2568,0,0
rs1474,74,0.3699,0,0
rs1475,74,0.3924,0,0
rs1476,74,0.474,0,0
rs1477,75,0.4019,0,0
rs1478,75,0.411,0,0
rs1479,75,0.1898,0,0
rs1480,75,0.4968,0,0
rs1481,75,0.4848,0,0
rs1482,75,0.3718,0,0
rs1483,75,0.1967,0,0
rs1484,75,0.2215,0,0
rs1485,75,0.4608,0,0
rs1486,75,0.3993,0,0
rs1487,75,0.4698,0,0
rs1488,75,0.3458,0,0
rs1489,75,0.4669,0,0
rs1490,75,0.1953,0,0
rs1491,75,0.4978,0,0
rs1492,75,0.3406,0,0
rs1493,75,0.348,0,0
rs1494,75,0.3719,0,0
rs1495,75,0.3318,0,0
rs1496,75,0.292,0,0
rs1497,76,0.4374,0,0
rs1498,76,0.25,0,0
rs1499,76,0.3672,0,0
rs1500,76,0.3219,0,0
rs1501,76,0.3284,-0.175,1
rs1502,76,0.2931,0,0
rs1503,76,0.4322,0,0
rs1504,76,0.4541,0,0
rs1505,76,0.2134,0,0
rs1506,76,0.1353,0,0
rs1507,76,0.273,0,0
rs1508,76,0.0684,0,0
rs1509,76,0.0689,0,0
rs1510,76,0.4444,0,0
rs1511,76,0.3178,0,0
rs1512,76,0.0858,0,0
rs1513,76,0.469,0,0
rs1514,76,0.4309,0,0
rs1515,76,0.1874,0,0
rs1516,76,0.1894,0,0
rs1517,77,0.2505,0,0
rs1518,77,0.1445,0,0
rs1519,77,0.1346,0,0
rs1520,77,0.1163,0,0
rs1521,77,0.2512,0,0
rs1522,77,0.4831,0,0
rs1523,77,0.0934,0,0
rs1524,77,0.1883,0,0
rs1525,77,0.4989,0,0
rs1526,77,0.4025,0,0
rs1527,77,0.406,0,0
rs1528,77,0.0997,0,0
rs1529,77,0.3391,0,0
rs1530,77,0.3983,0,0
rs1531,77,0.4037,0,0
rs1532,77,0.4566,0,0
rs1533,77,0.2829,0,0
rs1534,77,0.0678,0,0
rs1535,77,0.1483,0,0
rs1536,77,0.3096,0,0
rs1537,78,0.2791,0,0
rs1538,78,0.1174,0,0
rs1539,78,0.3994,0,0
rs1540,78,0.4984,0,0
rs1541,78,0.1245,0,0
rs1542,78,0.2088,0,0
rs1543,78,0.4543,0,0
rs1544,78,0.4213,0,0
rs1545,78,0.4028,0,0
rs1546,78,0.3547,0,0
rs1547,78,0.4121,0,0
rs1548,78,0.4836,0,0
rs1549,78,0.2423,0,0
rs1550,78,0.2363,0,0
rs1551,78,0.3109,0,0
rs1552,78,0.2359,0,0
rs1553,78,0.1851,0,0
rs1554,78,0.2392,0,0
rs1555,78,0.4238,0,0
rs1556,78,0.1993,0,0
rs1557,79,0.2043,0,0
rs1558,79,0.1792,0,0
rs1559,79,0.4934,0,0
rs1560,79,0.1188,0,0
rs1561,79,0.1986,0,0
rs1562,79,0.1094,0,0
rs1563,79,0.0617,0,0
rs1564,79,0.3949,0,0
rs1565,79,0.2077,0,0
rs1566,79,0.0848,0,0
rs1567,79,0.2783,0,0
rs1568,79,0.3313,0,0
rs1569,79,0.16,0,0
rs1570,79,0.0581,0,0
rs1571,79,0.1474,0,0
rs1572,79,0.4242,0,0
rs1573,79,0.0715,0,0
rs1574,79,0.0965,0.1395,1
rs1575,79,0.1302,0,0
rs1576,79,0.4627,0,0
rs1577,80,0.0662,0,0
rs1578,80,0.3799,0,0
rs1579,80,0.4124,0,0
rs1580,80,0.0877,0,0
rs1581,80,0.4845,0.1251,1
rs1582,80,0.3159,0,0
rs1583,80,0.4262,0,0
rs1584,80,0.4836,0,0
rs1585,80,0.3199,0,0
rs1586,80,0.357,0,0
rs1587,80,0.3968,0,0
rs1588,80,0.4708,0,0
rs1589,80,0.0933,0,0
rs1590,80,0.1647,0,0
rs1591,80,0.2694,0,0
rs1592,80,0.2902,0,0
rs1593,80,0.2215,0,0
rs1594,80,0.1553,0,0
rs1595,80,0.2598,0,0
rs1596,80,0.2053,0,0
rs1597,81,0.2635,0,0
rs1598,81,0.4135,0,0
rs1599,81,0.1653,0,0
rs1600,81,0.4621,0,0
rs1601,81,0.3471,0,0
rs1602,81,0.1103,0,0
rs1603,81,0.3313,0,0
rs1604,81,0.444,0,0
rs1605,81,0.3613,0,0
rs1606,81,0.2826,0,0
rs1607,81,0.2536,0,0
rs1608,81,0.2684,0,0
rs1609,81,0.4448,0,0
rs1610,81,0.3988,0,0
rs1611,81,0.2864,0,0
rs1612,81,0.4538,0,0
rs1613,81,0.145,0,0
rs1614,81,0.4697,0,0
rs1615,81,0.1881,0,0
rs1616,81,0.2048,0,0
rs1617,82,0.4163,0,0
rs1618,82,0.0721,0,0
rs1619,82,0.1514,0,0
rs1620,82,0.0639,0,0
rs1621,82,0.3368,0,0
rs1622,82,0.114,0,0
rs1623,82,0.2564,0,0
rs1624,82,0.3544,0,0
rs1625,82,0.0864,0,0
rs1626,82,0.1216,0,0
rs1627,82,0.1987,0,0
rs1628,82,0.4581,0,0
rs1629,82,0.1017,0,0
rs1630,82,0.1978,0,0
rs1631,82,0.3288,-0.093,1
rs1632,82,0.4892,0,0
rs1633,82,0.1952,0,0
rs1634,82,0.3543,0,0
rs1635,82,0.4967,0,0
rs1636,82,0.2715,0,0
rs1637,83,0.22,0,0
rs1638,83,0.3231,0,0
rs1639,83,0.217,0,0
rs1640,83,0.1715,0,0
rs1641,83,0.0534,0,0
rs1642,83,0.3818,0,0
rs1643,83,0.396,-0.1796,1
rs1644,83,0.2595,0,0
rs1645,83,0.2979,0,0
rs1646,83,0.4353,0,0
rs1647,83,0.3223,0,0
rs1648,83,0.3882,0,0
rs1649,83,0.1296,0,0
rs1650,83,0.1953,0,0
rs1651,83,0.4436,0,0
rs1652,83,0.1906,0,0
rs1653,83,0.0826,0,0
rs1654,83,0.2815,0,0
rs1655,83,0.3266,0,0
rs1656,83,0.2015,0,0
rs1657,84,0.3638,0,0
rs1658,84,0.0641,0,0
rs1659,84,0.123,0,0
rs1660,84,0.1865,0,0
rs1661,84,0.3026,0,0
rs1662,84,0.1821,0,0
rs1663,84,0.0844,0,0
rs1664,84,0.4582,0,0
rs1665,84,0.0866,0,0
rs1666,84,0.3859,0,0
rs1667,84,0.3691,0,0
rs1668,84,0.0694,0,0
rs1669,84,0.4043,0,0
rs1670,84,0.0853,0,0
rs1671,84,0.453,0,0
rs1672,84,0.1025,0,0
rs1673,84,0.3075,0,0
rs1674,84,0.1922,0,0
rs1675,84,0.2553,0,0
rs1676,84,0.2414,0,0
rs1677,85,0.3873,0,0
rs1678,85,0.0735,0,0
rs1679,85,0.3967,0,0
rs1680,85,0.0934,0,0
rs1681,85,0.4713,0,0
rs1682,85,0.3696,0,0
rs1683,85,0.2851,0,0
rs1684,85,0.2522,0,0
rs1685,85,0.1987,0,0
rs1686,85,0.0799,0,0
rs1687,85,0.0797,0,0
rs1688,85,0.2952,0,0
rs1689,85,0.4017,0,0
rs1690,85,0.2855,0,0
rs1691,85,0.0816,0,0
rs1692,85,0.4414,0,0
rs1693,85,0.3833,0,0
rs1694,85,0.2597,0,0
rs1695,85,0.4474,0,0
rs1696,85,0.4778,0,0
rs1697,86,0.2379,0,0
rs1698,86,0.1791,0,0
rs1699,86,0.4087,0,0
rs1700,86,0.385,0,0
rs1701,86,0.2647,0,0
rs1702,86,0.2197,0,0
rs1703,86,0.3429,0,0
rs1704,86,0.4177,0,0
rs1705,86,0.4542,0,0
rs1706,86,0.2591,0,0
rs1707,86,0.3356,0,0
rs1708,86,0.1197,0,0
rs1709,86,0.4757,-0.1589,1
rs1710,86,0.0777,0,0
rs1711,86,0.358,0,0
rs1712,86,0.2403,0,0
rs1713,86,0.146,0,0
rs1714,86,0.2934,0,0
rs1715,86,0.3507,0,0
rs1716,86,0.067,0,0
rs1717,87,0.3789,0,0
rs1718,87,0.4013,0,0
rs1719,87,0.3285,0,0
rs1720,87,0.1842,0,0
rs1721,87,0.2188,0,0
rs1722,87,0.4646,0,0
rs1723,87,0.4952,0,0
rs1724,87,0.0805,0,0
rs1725,87,0.3624,0,0
rs1726,87,0.2887,0,0
rs1727,87,0.0627,0,0
rs1728,87,0.3229,0,0
rs1729,87,0.1916,0,0
rs1730,87,0.4003,0,0
rs1731,87,0.4038,0,0
rs1732,87,0.4511,0,0
rs1733,87,0.189,0,0
rs1734,87,0.3791,0,0
rs1735,87,0.3394,0,0
rs1736,87,0.4026,0,0
rs1737,88,0.4207,0,0
rs1738,88,0.1805,0,0
rs1739,88,0.1106,0,0
rs1740,88,0.4338,0,0
rs1741,88,0.2128,0,0
rs1742,88,0.4371,0,0
rs1743,88,0.1811,0,0
rs1744,88,0.3502,0,0
rs1745,88,0.4512,0,0
rs1746,88,0.2055,0,0
rs1747,88,0.1061,0,0
rs1748,88,0.2133,0,0
rs1749,88,0.4169,0,0
rs1750,88,0.1948,0,0
rs1751,88,0.2729,0,0
rs1752,88,0.2129,0,0
rs1753,88,0.116,0,0
rs1754,88,0.2603,0,0
rs1755,88,0.245,0,0
rs1756,88,0.0818,0,0
rs1757,89,0.3596,0,0
rs1758,89,0.4214,0,0
rs1759,89,0.3729,0,0
rs1760,89,0.199,0,0
rs1761,89,0.0593,0,0
rs1762,89,0.2179,0,0
rs1763,89,0.4534,0,0
rs1764,89,0.4457,0,0
rs1765,89,0.1007,0,0
rs1766,89,0.3313,0,0
rs1767,89,0.0598,0,0
rs1768,89,0.1942,0,0
rs1769,89,0.2955,0,0
rs1770,89,0.3381,0,0
rs1771,89,0.1835,0,0
rs1772,89,0.1496,0,0
rs1773,89,0.2387,0,0
rs1774,89,0.1153,0,0
rs1775,89,0.3879,0,0
rs1776,89,0.3425,0,0
rs1777,90,0.3911,0,0
rs1778,90,0.4911,0,0
rs1779,90,0.0893,0,0
rs1780,90,0.3739,0,0
rs1781,90,0.2196,0,0
rs1782,90,0.1082,0,0
rs1783,90,0.0578,0,0
rs1784,90,0.2987,0,0
rs1785,90,0.3815,0,0
rs1786,90,0.076,0,0
rs1787,90,0.0675,0,0
rs1788,90,0.066,0,0
rs1789,90,0.1104,0,0
rs1790,90,0.4488,0,0
rs1791,90,0.0726,0,0
rs1792,90,0.1303,0.1185,1
rs1793,90,0.3233,0,0
rs1794,90,0.3623,0,0
rs1795,90,0.3929,0.144,1
rs1796,90,0.4495,0,0
rs1797,91,0.2511,0,0
rs1798,91,0.1723,0,0
rs1799,91,0.1203,0,0
rs1800,91,0.1309,0,0
rs1801,91,0.3895,0,0
rs1802,91,0.1967,0,0
rs1803,91,0.4943,0,0
rs1804,91,0.465,0,0
rs1805,91,0.4347,0,0
rs1806,91,0.0632,0,0
rs1807,91,0.1824,0,0
rs1808,91,0.3747,0,0
rs1809,91,0.1219,0,0
rs1810,91,0.1184,0,0
rs1811,91,0.0734,0,0
rs1812,91,0.1927,0,0
rs1813,91,0.1114,0,0
rs1814,91,0.1742,0,0
rs1815,91,0.0891,0,0
rs1816,91,0.3396,0,0
rs1817,92,0.497,0,0
rs1818,92,0.08,0,0
rs1819,92,0.3136,0,0
rs1820,92,0.3116,0,0
rs1821,92,0.1893,0,0
rs1822,92,0.1915,0,0
rs1823,92,0.2386,0,0
rs1824,92,0.0945,0,0
rs1825,92,0.2857,0,0
rs1826,92,0.0534,0,0
rs1827,92,0.072,0,0
rs1828,92,0.0501,0,0
rs1829,92,0.2343,0,0
rs1830,92,0.4643,0,0
rs1831,92,0.3855,0,0
rs1832,92,0.1237,0,0
rs1833,92,0.0529,0,0
rs1834,92,0.3284,0,0
rs1835,92,0.2637,0,0
rs1836,92,0.4801,0,0
rs1837,93,0.1156,0,0
rs1838,93,0.4929,0,0
rs1839,93,0.4626,0,0
rs1840,93,0.3785,0.1602,1
rs1841,93,0.3722,0,0
rs1842,93,0.12,0,0
rs1843,93,0.0824,0,0
rs1844,93,0.4128,0,0
rs1845,93,0.4209,0,0
rs1846,93,0.392,0,0
rs1847,93,0.2564,0,0
rs1848,93,0.4741,0,0
rs1849,93,0.1248,0,0
rs1850,93,0.4891,0,0
rs1851,93,0.1145,0,0
rs1852,93,0.4493,0,0
rs1853,93,0.4871,0,0
rs1854,93,0.277,0,0
rs1855,93,0.3213,0,0
rs1856,93,0.204,0,0
rs1857,94,0.1414,0,0
rs1858,94,0.4596,0,0
rs1859,94,0.123,0,0
rs1860,94,0.2641,0,0
rs1861,94,0.3301,0,0
rs1862,94,0.2693,0,0
rs1863,94,0.4137,0,0
rs1864,94,0.3537,0,0
rs1865,94,0.1762,0,0
rs1866,94,0.1663,0,0
rs1867,94,0.3883,0,0
rs1868,94,0.0659,0,0
rs1869,94,0.3132,0,0
rs1870,94,0.0676,0,0
rs1871,94,0.2248,0,0
rs1872,94,0.1432,0,0
rs1873,94,0.3468,0,0
rs1874,94,0.4746,0,0
rs1875,94,0.1966,0,0
rs1876,94,0.4725,0,0
rs1877,95,0.1696,0,0
rs1878,95,0.1422,0,0
rs1879,95,0.4944,0,0
rs1880,95,0.4106,0,0
rs1881,95,0.4103,0,0
rs1882,95,0.138,0,0
rs1883,95,0.2436,0,0
rs1884,95,0.2074,0,0
rs1885,95,0.3159,0,0
rs1886,95,0.1733,0,0
rs1887,95,0.1922,0,0
rs1888,95,0.1038,0,0
rs1889,95,0.053,0,0
rs1890,95,0.0834,0,0
rs1891,95,0.4566,0,0
rs1892,95,0.2785,0,0
rs1893,95,0.4964,0,0
rs1894,95,0.4874,0,0
rs1895,95,0.2171,0,0
rs1896,95,0.2321,0,0
rs1897,96,0.3208,0,0
rs1898,96,0.4136,0,0
rs1899,96,0.2811,0,0
rs1900,96,0.1905,0,0
rs1901,96,0.2209,0,0
rs1902,96,0.0686,0,0
rs1903,96,0.3102,0,0
rs1904,96,0.2199,0,0
rs1905,96,0.0734,0,0
rs1906,96,0.1109,0.1579,1
rs1907,96,0.1652,0,0
rs1908,96,0.4447,0,0
rs1909,96,0.3343,0,0
rs1910,96,0.3672,0,0
rs1911,96,0.3937,0,0
rs1912,96,0.2632,0,0
rs1913,96,0.0525,0,0
rs1914,96,0.162,0,0
rs1915,96,0.3161,0,0
rs1916,96,0.3491,0,0
rs1917,97,0.4454,0,0
rs1918,97,0.4466,0,0
rs1919,97,0.3705,0,0
rs1920,97,0.4953,0,0
rs1921,97,0.164,0,0
rs1922,97,0.1933,0,0
rs1923,97,0.3545,0,0
rs1924,97,0.3307,0,0
rs1925,97,0.305,0,0
rs1926,97,0.1479,0,0
rs1927,97,0.125,0,0
rs1928,97,0.2794,0,0
rs1929,97,0.2437,0,0
rs1930,97,0.3871,0,0
rs1931,97,0.3483,0,0
rs1932,97,0.321,0,0
rs1933,97,0.3123,0,0
rs1934,97,0.1532,0.1511,1
rs1935,97,0.4834,0,0
rs1936,97,0.1741,0,0
rs1937,98,0.3541,0,0
rs1938,98,0.3762,0,0
rs1939,98,0.1332,0,0
rs1940,98,0.4625,0,0
rs1941,98,0.0972,0,0
rs1942,98,0.2517,0,0
rs1943,98,0.2012,0,0
rs1944,98,0.1197,0,0
rs1945,98,0.1776,0,0
rs1946,98,0.1559,0,0
rs1947,98,0.4277,0,0
rs1948,98,0.0928,0,0
rs1949,98,0.0734,0,0
rs1950,98,0.0967,0,0
rs1951,98,0.4281,0,0
rs1952,98,0.3191,0,0
rs1953,98,0.3986,0,0
rs1954,98,0.4099,0,0
rs1955,98,0.4204,0,0
rs1956,98,0.4882,0,0
rs1957,99,0.2565,0,0
rs1958,99,0.4675,0,0
rs1959,99,0.243,0,0
rs1960,99,0.4618,0,0
rs1961,99,0.1501,0,0
rs1962,99,0.4118,0,0
rs1963,99,0.4302,0,0
rs1964,99,0.115,-0.1146,1
rs1965,99,0.374,0,0
rs1966,99,0.1595,0,0
rs1967,99,0.438,0,0
rs1968,99,0.075,0,0
rs1969,99,0.2558,0,0
rs1970,99,0.087,0,0
rs1971,99,0.2694,0,0
rs1972,99,0.2283,0,0
rs1973,99,0.2173,0,0
rs1974,99,0.2685,0,0
rs1975,99,0.0789,0,0
rs1976,99,0.0862,0,0
rs1977,100,0.0543,0,0
rs1978,100,0.2161,0,0
rs1979,100,0.312,0,0
rs1980,100,0.1786,0,0
rs1981,100,0.3137,0,0
rs1982,100,0.443,0,0
rs1983,100,0.1354,0,0
rs1984,100,0.0828,0,0
rs1985,100,0.1211,0,0
rs1986,100,0.3634,0,0
rs1987,100,0.3494,0,0
rs1988,100,0.3975,0,0
rs1989,100,0.4838,0,0
rs1990,100,0.4584,0,0
rs1991,100,0.1021,0,0
rs1992,100,0.3683,0,0
rs1993,100,0.4922,0,0
rs1994,100,0.2267,0,0
rs1995,100,0.4627,0,0
rs1996,100,0.4492,0,0
snp_LDLR,0,0.2623,0.24,1
snp_LD1,0,0.264,0,0
snp_LD2,0,0.2617,0,0
snp_AIM,0,0.2827,0,0
