gene_id,S01,S02,S03,S04,S05,S06,S07,S08,S09,S10,S11,S12,S13,S14,S15,S16,S17,S18,S19,S20,S21,S22,S23,S24
G0001,2362,742,2878,2825,2277,1089,1711,986,725,3153,2741,2083,1959,4441,4610,3365,1944,2798,3386,1931,2511,3997,3952,4262
G0002,770,261,1040,994,783,373,639,324,303,1147,1006,770,341,672,697,505,276,427,483,299,377,629,607,624
G0003,1672,554,2133,1971,1571,806,1471,864,718,2777,2462,1824,1163,2701,2748,2064,1266,1701,2389,1455,1750,2867,2856,3041
G0004,244,80,299,300,228,125,178,103,96,300,313,216,228,498,512,381,211,312,371,222,274,472,493,480
G0005,146,67,208,195,159,59,104,64,52,204,192,136,17,37,23,24,19,20,29,14,11,30,34,25
G0006,309,95,350,373,268,149,244,155,107,464,446,312,263,572,648,447,261,398,515,287,346,615,631,657
G0007,408,127,479,444,349,162,344,196,162,652,554,445,62,105,142,85,50,85,108,56,64,111,99,138
G0008,2797,870,3404,3420,2650,1338,2088,1194,991,3877,3382,2516,456,972,1125,814,471,662,794,420,563,871,937,1003
G0009,1006,324,1223,1187,920,443,707,476,349,1334,1123,893,242,521,601,379,270,362,402,267,256,480,443,504
G0010,653,221,823,841,677,345,487,284,228,915,784,648,1030,2225,2464,1722,1068,1472,1750,1006,1223,2053,2133,2207
G0011,964,327,1184,1159,958,422,707,416,309,1265,1150,834,70,176,211,150,93,113,154,78,110,162,143,184
G0012,1277,385,1451,1488,1169,556,892,524,415,1718,1472,1093,98,223,286,201,117,151,181,106,141,253,237,247
G0013,1816,598,2275,2184,1725,799,1340,832,663,2498,2128,1671,1295,2865,2939,2045,1233,1842,2094,1173,1547,2549,2404,2716
G0014,796,218,955,947,728,356,540,364,262,1054,939,745,199,358,394,296,162,244,272,157,198,339,343,369
G0015,19699,6339,24051,23630,18313,9097,14337,8400,6582,26250,23045,17646,11797,25699,28144,19422,11770,16660,19874,11538,14771,22950,23463,24792
G0016,1252,403,1669,1540,1192,621,988,573,422,1697,1494,1223,1479,3405,3725,2649,1611,2337,2694,1441,1996,3225,3085,3280
G0017,1320,391,1566,1535,1217,602,966,583,426,1674,1478,1169,1101,2440,2655,1839,1113,1608,1838,1075,1453,2241,2227,2367
G0018,718,233,899,870,655,320,539,299,262,995,863,670,146,320,384,264,163,200,246,138,214,306,326,319
G0019,84,28,129,115,81,51,76,30,24,119,120,100,124,310,378,263,159,231,272,148,207,298,329,342
G0020,64,15,57,48,50,25,37,13,11,68,39,39,25,56,85,53,32,38,52,32,42,45,64,61
G0021,957,1299,1810,613,5422,1255,857,1629,716,3203,2308,2048,3333,4534,5052,2240,1265,4369,4437,2156,1424,2021,6715,5047
G0022,2707,992,2976,2344,2185,858,1188,688,411,2333,1966,3057,156,301,377,401,153,165,269,79,188,247,516,680
G0023,413,185,403,513,484,276,277,622,631,1575,3054,1143,613,1250,313,814,977,1463,4466,626,1938,3858,4831,4072
G0024,233,44,167,485,78,147,62,84,141,486,173,87,12,87,68,65,8,88,120,53,97,1,76,292
G0025,168,20,121,143,216,3,7,28,146,362,681,112,28,124,45,104,104,28,189,14,23,85,95,121
G0026,226,184,751,1567,137,227,407,145,148,305,600,317,173,140,201,208,318,265,76,97,97,178,160,302
G0027,36,17,425,74,18,4,220,65,62,95,229,159,79,94,133,27,116,428,471,14,76,48,171,65
G0028,851,691,2713,1238,1051,359,1653,581,335,2227,1571,742,2732,1903,9156,6292,1929,2982,4727,1565,4514,6816,9799,7759
G0029,219,83,14,325,15,117,216,43,59,29,425,515,177,279,139,166,44,678,43,99,159,28,12,518
G0030,3018,838,2555,4082,1831,1150,2313,1353,1523,5615,4669,3099,254,549,947,384,264,380,415,183,455,638,668,605
G0031,587,355,288,834,637,84,234,331,203,347,489,650,79,89,88,379,178,368,832,272,433,470,426,335
G0032,473,184,671,284,302,211,218,104,74,103,62,510,70,175,41,97,101,12,95,41,10,143,49,115
G0033,634,84,72,600,195,61,366,310,49,80,293,374,100,38,374,100,78,42,144,51,99,50,91,191
G0034,10,0,35,240,49,27,101,20,9,28,12,7,19,47,8,134,0,62,4,37,19,3,1,6
G0035,346,70,219,353,241,228,39,111,317,661,264,112,410,289,6092,1506,496,418,668,248,592,219,1814,398
G0036,22,36,69,0,55,50,52,66,49,20,86,184,1,14,0,1,0,1,46,10,32,0,1,25
G0037,54,75,56,0,17,43,23,27,3,1,1,44,72,18,81,70,97,512,103,36,55,57,41,148
G0038,813,215,798,945,448,401,348,648,196,967,1076,640,820,627,1527,2010,861,1033,778,260,1472,1399,1047,2582
G0039,542,434,1086,2537,937,324,243,313,274,756,301,579,907,905,3232,1368,347,1202,990,1213,1349,1491,1034,2022
G0040,3284,651,1701,1451,1048,345,1142,598,273,1668,2751,1192,2338,12941,5175,7656,1185,2541,5163,2662,4009,2809,7115,4352
G0041,13,38,26,14,35,1,0,88,3,128,592,0,1,45,14,1,28,0,101,0,0,0,16,5
G0042,1519,702,1861,1828,1681,587,1555,855,659,4013,2410,2027,94,314,366,249,116,179,193,142,156,155,310,257
G0043,6073,1882,5721,6086,4179,2300,3343,3072,1539,11119,7043,2501,7414,28342,21239,10563,10501,11676,19820,8246,8127,15781,18774,33458
G0044,155,141,637,306,71,134,60,27,77,690,160,114,19,135,28,75,21,6,29,34,81,126,50,46
G0045,197,19,189,84,44,96,20,104,68,93,47,12,76,242,56,152,696,84,465,133,28,29,107,7
G0046,976,177,352,730,57,114,573,118,119,606,521,92,44,84,26,131,65,91,103,26,5,52,91,145
G0047,295,55,56,124,128,51,64,5,3,37,213,47,13,2,55,76,3,7,41,10,14,49,34,4
G0048,386,16,180,188,176,42,142,253,104,194,324,11,65,1824,1662,42,114,179,107,569,108,418,162,106
G0049,74,31,102,165,223,53,67,6,4,353,0,220,13,17,27,0,25,1,26,0,15,0,0,0
G0050,207,30,553,197,18,6,0,158,267,378,334,21,244,106,453,675,31,111,312,477,379,43,184,18
G0051,6983,2253,4330,8772,6391,3607,6073,2966,2529,8357,8092,5153,737,1687,2130,804,593,830,993,618,803,1196,1088,1239
G0052,2456,680,2489,2456,1922,1216,2088,751,905,1755,4188,3397,149,1128,830,604,208,458,198,384,694,662,446,814
G0053,871,442,662,531,2006,324,237,438,417,643,1195,387,1267,1771,1993,915,721,1547,1722,785,1022,1207,3050,1215
G0054,1599,658,1828,782,1266,951,790,655,286,2118,2063,923,246,1047,510,440,404,452,504,436,463,920,738,439
G0055,198,19,520,322,382,55,67,14,130,377,171,233,320,443,1271,90,87,311,416,588,163,242,378,95
G0056,2868,460,3598,2914,3224,883,1534,1402,826,4764,3199,3949,720,988,1117,1200,648,543,1024,504,319,748,559,796
G0057,254,131,255,218,336,257,217,110,58,82,323,207,24,170,68,79,24,148,6,31,1,84,24,130
G0058,1178,466,787,1758,828,712,827,878,481,2597,1339,879,264,258,496,629,205,300,303,278,275,346,665,405
G0059,3583,2052,9364,10836,5077,2064,4119,3104,2102,11502,5772,5608,7115,17631,24296,7813,9250,6131,13697,4118,6578,17079,14832,12627
G0060,0,1,0,136,7,0,3,0,0,128,83,0,0,0,21,22,7,0,2,0,0,1,1,12
G0061,4586,2247,2442,6444,2590,2169,7020,2182,572,3736,7173,1366,3444,6248,7938,1739,1626,1453,3678,963,1352,3035,3357,3094
G0062,727,262,1189,507,764,582,340,197,378,1762,850,1721,192,1073,564,387,415,273,383,404,875,827,1338,295
G0063,17,49,144,16,15,17,77,4,134,41,21,5,0,6,172,13,6,65,108,26,71,178,186,114
G0064,1452,318,825,1146,648,377,461,218,352,804,1224,1059,426,404,633,243,251,544,376,291,566,671,497,684
G0065,898,338,1032,1064,974,388,403,461,271,1793,1204,423,638,572,733,477,445,573,644,371,154,1303,831,502
G0066,370,140,317,119,77,97,252,218,113,2564,1219,160,84,27,128,240,243,112,176,134,176,1150,287,1888
G0067,1171,270,1911,2375,2432,1253,1321,1042,482,2665,3625,1452,402,2275,1584,667,542,626,1810,754,433,1134,510,1046
G0068,1217,255,1009,726,555,345,193,452,384,1194,760,318,494,516,755,494,344,570,527,224,310,130,234,377
G0069,1716,1346,3447,4256,5690,2543,3019,1087,1367,6388,6619,4409,1668,5075,3877,2379,1750,2423,2552,1092,1054,2461,1979,3004
G0070,44,34,513,250,217,75,286,143,3,455,71,31,42,709,163,89,266,69,46,24,99,161,271,106
G0071,1291,301,1450,713,800,1053,1114,758,481,2097,595,1383,710,1220,859,591,293,746,1171,305,667,368,688,1159
G0072,59,215,101,224,232,146,28,25,69,635,24,62,146,150,65,22,73,204,18,32,74,72,86,208
G0073,633,586,2039,2724,787,585,1147,484,670,1551,3564,1071,638,783,1080,1308,170,610,1376,672,874,978,598,2179
G0074,18,50,2,7,6,7,307,8,25,157,17,137,55,44,56,15,82,4,1,50,1,6,7,2
G0075,182,142,251,497,147,59,107,66,81,557,38,295,155,108,180,154,37,91,47,66,16,30,117,199
G0076,498,52,600,217,167,245,333,86,57,197,464,326,45,382,387,139,117,250,481,202,155,424,497,463
G0077,444,56,214,360,730,177,136,72,288,215,279,174,103,194,305,17,188,60,86,57,30,39,33,455
G0078,57,2,34,609,26,11,156,71,78,488,168,315,139,92,243,81,24,0,37,1,160,32,39,94
G0079,235,241,947,235,707,179,627,152,83,482,180,255,113,686,381,67,281,244,200,210,323,200,324,690
G0080,3052,1114,4550,4780,1956,1490,1440,1064,1330,6348,4275,3021,1485,3139,3158,1925,1833,1761,2888,2410,1902,3908,2376,1810
G0081,684,112,890,1738,553,463,1066,137,336,682,485,614,182,631,428,1131,309,598,282,224,293,359,557,204
G0082,391,108,12,129,88,5,115,17,91,0,5,0,0,2,6,3,2,7,2,71,155,43,0,49
G0083,1132,351,296,690,911,417,177,222,556,467,1032,636,327,311,500,488,281,230,353,331,797,1292,871,1299
G0084,60,21,381,33,126,19,115,10,78,104,118,235,66,379,129,377,97,12,92,87,67,96,80,79
G0085,352,149,69,9,277,184,207,85,63,722,12,438,0,74,31,105,32,89,164,11,36,45,56,303
G0086,637,435,222,266,618,177,531,378,379,1276,394,566,439,261,764,414,394,728,371,346,281,418,197,561
G0087,124,18,189,162,208,109,169,145,36,25,810,47,163,354,19,50,33,272,21,28,94,22,22,224
G0088,661,62,575,255,238,85,14,79,20,132,362,210,103,65,56,12,13,157,35,13,148,95,179,92
G0089,0,0,0,273,11,71,2,32,0,55,0,0,2,30,2,4,23,0,0,12,2,0,0,7
G0090,4,3,214,0,150,5,13,1,17,183,7,66,60,227,5,97,49,21,27,9,152,31,119,9
G0091,1532,511,1766,1074,1388,520,1061,899,479,2539,1311,958,303,612,583,1171,689,262,1165,814,875,1161,873,1299
G0092,195,0,66,96,14,0,0,10,16,44,2,1,8,0,59,0,4,38,0,16,4,0,0,58
G0093,88,0,14,23,62,0,3,4,2,5,4,2,4,1,1,8,14,0,125,10,0,73,0,3
G0094,444,100,48,135,1194,112,15,119,22,376,149,221,62,654,244,250,84,287,87,165,195,424,527,129
G0095,167,15,10,23,191,99,53,64,7,39,9,235,55,56,231,18,61,31,77,70,83,65,1,8
G0096,178,210,821,240,355,294,348,273,457,1241,793,117,479,281,228,276,58,217,106,289,264,245,511,95
G0097,1090,309,1318,595,438,465,816,219,522,1224,973,995,827,689,1186,356,604,490,676,277,369,484,798,1190
G0098,3489,1306,3686,2951,1677,1360,2115,1097,1425,1684,3766,1789,1628,2372,2030,1541,388,1190,1281,905,708,1848,1585,2152
G0099,361,58,359,352,193,119,408,120,98,19,100,609,74,333,391,29,173,130,130,84,101,79,165,234
G0100,734,158,119,396,624,39,327,171,11,751,89,371,242,193,193,86,18,87,117,26,20,41,58,59
G0101,1934,1073,1464,2021,1576,743,1377,1032,590,2905,1712,2085,664,1727,2346,841,448,966,1640,514,1120,1318,1338,2954
G0102,55,9,101,121,223,11,181,210,119,603,103,209,190,76,582,1,102,38,130,30,121,57,57,182
G0103,395,28,476,261,838,125,191,164,38,151,35,236,72,401,20,139,35,137,62,76,433,34,55,421
G0104,150,59,50,96,257,3,63,477,24,237,440,264,30,395,41,54,139,45,192,115,45,41,158,230
G0105,128,31,141,1211,184,549,158,56,115,464,176,168,30,497,625,188,145,108,349,119,4,131,38,30
G0106,858,350,2349,2412,1170,733,1730,887,312,1834,966,1619,634,989,1381,623,882,598,506,618,724,1550,914,844
G0107,99,7,274,3,71,51,176,14,0,233,21,21,17,120,64,75,26,17,39,19,6,0,27,54
G0108,402,54,555,502,174,94,525,279,144,456,732,310,87,60,542,115,197,107,216,379,244,192,84,513
G0109,160,90,72,141,282,68,821,271,84,176,292,78,200,205,159,61,103,118,264,295,144,329,136,365
G0110,218,31,399,263,390,26,122,37,151,960,437,208,48,318,261,76,63,61,73,34,73,125,258,480
G0111,931,66,124,188,346,132,103,452,127,839,385,349,512,267,277,217,140,76,120,101,105,591,157,929
G0112,982,320,1147,1397,1249,257,1159,443,242,1279,1713,1651,223,746,1005,339,273,660,560,1348,450,823,1001,212
G0113,416,173,996,1349,179,244,967,519,72,824,462,221,120,750,317,460,116,339,69,146,323,291,830,723
G0114,0,1,14,182,1,87,73,82,3,180,85,0,131,41,45,1,23,174,7,155,54,66,6,13
G0115,512,184,1186,1824,1206,442,725,576,537,1447,1710,1224,442,874,1012,791,497,462,542,295,509,645,1808,1109
G0116,516,243,610,661,1055,468,515,291,332,409,468,722,344,256,259,137,193,496,241,80,660,477,214,303
G0117,777,226,1720,1303,920,632,754,462,1005,1282,1157,1900,624,1290,930,726,664,847,1027,731,904,1597,1062,834
G0118,155,106,371,555,541,316,352,135,83,390,627,112,263,250,224,98,35,462,447,126,60,860,718,402
G0119,768,230,1214,423,145,138,181,165,121,73,289,167,229,211,271,486,61,460,300,64,284,809,432,334
G0120,205,176,744,347,441,264,44,220,60,314,63,89,157,318,382,63,64,226,79,135,23,494,205,170
G0121,228,66,96,242,130,232,186,159,51,73,149,588,41,53,106,22,47,124,44,45,269,181,269,434
G0122,487,337,1190,2018,645,347,212,266,387,2686,688,725,426,1021,554,1026,510,404,166,448,474,652,1409,1214
G0123,1003,203,555,942,592,644,525,602,407,1252,540,394,342,1147,655,487,257,469,734,486,724,815,1119,1392
G0124,170,216,456,1063,558,154,1010,283,234,423,239,219,210,385,183,373,200,370,126,160,383,67,577,582
G0125,892,147,935,632,543,273,383,533,339,1070,772,255,309,531,823,207,349,345,987,658,473,255,642,1202
G0126,10354,2524,7134,8696,3452,3056,9598,5879,2808,16424,12214,8831,3364,5566,7472,3360,2889,2919,5664,5896,4548,6958,8805,5762
G0127,513,50,831,374,414,134,657,558,117,800,487,468,84,671,548,418,67,198,100,98,24,105,370,67
G0128,876,226,728,953,1973,331,1332,695,295,1359,1932,2143,384,445,987,509,312,568,1038,242,810,992,849,1063
G0129,1408,227,2118,2264,630,435,803,851,491,2067,1665,2536,847,1177,1010,1310,758,944,611,692,534,1204,923,1234
G0130,37,105,70,283,114,287,128,100,173,689,138,54,4,61,49,84,16,169,97,17,8,72,58,62
G0131,1356,581,1711,1485,806,475,889,316,411,996,1912,1170,552,739,1050,475,767,1096,1236,570,869,1501,1109,1348
G0132,650,237,1191,1504,721,236,934,438,231,1380,683,806,449,1087,962,475,368,156,190,249,442,589,552,662
G0133,585,110,612,499,337,195,226,179,226,604,136,404,60,931,179,322,357,35,131,187,122,556,473,286
G0134,1,0,111,161,4,61,370,27,25,200,7,314,47,7,162,576,3,0,49,16,1,17,9,140
G0135,55,131,46,54,146,135,33,21,15,233,152,142,112,202,292,50,40,139,358,86,94,184,14,72
G0136,30,12,410,569,2,61,40,54,44,814,194,103,22,201,23,312,47,208,31,42,246,205,153,109
G0137,292,183,257,385,600,123,138,100,106,234,213,302,88,80,175,97,69,166,270,219,240,341,12,76
G0138,286,169,330,521,191,314,405,207,172,1015,846,808,212,1418,505,420,184,183,545,206,476,167,480,491
G0139,180,100,362,10,37,58,94,42,186,65,30,142,36,53,40,11,22,91,32,104,0,84,11,124
G0140,1316,733,1731,1538,1023,477,452,177,444,998,1545,459,909,968,1681,1090,701,545,450,460,532,828,538,781
G0141,553,135,841,942,475,213,157,50,29,96,113,304,202,715,264,160,141,343,136,101,109,107,208,144
G0142,552,402,1195,349,1067,494,457,186,139,355,426,282,262,849,191,348,339,688,334,192,44,164,451,583
G0143,282,257,411,545,316,154,105,123,303,67,190,51,98,278,316,154,36,230,163,55,76,223,258,209
G0144,227,10,44,179,196,133,226,65,45,13,406,130,56,659,331,93,41,47,52,26,14,454,71,96
G0145,304,87,427,210,292,191,412,190,298,272,1190,603,124,242,527,67,68,65,760,146,310,442,295,373
G0146,517,201,46,233,330,193,53,123,178,105,591,40,9,179,234,25,48,139,583,303,59,133,640,105
G0147,187,27,562,245,297,59,415,43,147,558,299,256,19,264,78,218,251,100,75,77,51,582,112,88
G0148,1358,219,2617,3014,1941,1957,2773,727,1013,3044,3896,3167,935,1833,1673,971,1056,2297,2056,1674,1222,2548,1909,2309
G0149,1532,847,4029,816,2255,1512,983,1155,726,1590,1757,600,466,1163,983,798,427,539,713,397,458,700,738,653
G0150,25,131,11,117,58,2,13,10,156,476,291,121,11,77,58,35,3,44,43,2,17,42,20,146
G0151,20,31,646,40,224,40,0,25,36,1,59,83,16,0,83,1,46,62,9,16,7,7,238,164
G0152,88,43,88,67,121,37,29,9,10,44,30,29,18,30,110,33,77,103,20,23,7,659,3,8
G0153,504,97,1331,241,244,201,408,88,89,546,693,357,259,440,154,84,338,142,241,113,127,260,115,63
G0154,4281,1355,7593,4575,6498,2041,3061,2647,1227,9494,8348,3363,2993,6514,4815,3733,1393,2941,2677,3489,2536,3416,2307,4201
G0155,476,388,1355,945,722,494,906,266,435,2715,1919,885,405,401,664,1459,147,790,685,294,585,582,832,636
G0156,162,31,147,188,65,79,580,320,38,388,391,42,98,233,103,29,113,68,139,40,92,190,130,67
G0157,809,183,590,1479,894,194,270,200,114,1958,817,380,131,536,574,309,95,326,533,217,325,1020,130,208
G0158,271,97,321,485,157,120,184,94,8,113,231,154,69,236,564,134,55,172,23,138,93,247,144,116
G0159,1461,276,733,630,586,215,392,162,87,1416,296,366,126,549,316,138,112,333,370,359,180,132,417,620
G0160,228,294,1407,981,600,424,408,407,188,657,617,637,242,339,421,532,182,567,564,164,289,511,380,610
G0161,150,274,126,802,333,18,10,559,197,560,109,297,123,108,434,123,52,748,95,52,84,83,515,291
G0162,16,1,0,94,12,0,2,6,0,144,2,6,0,0,67,0,0,2,14,0,3,3,0,0
G0163,510,198,459,1095,526,249,594,263,123,1064,308,516,599,431,398,232,318,383,139,316,143,46,410,639
G0164,1831,454,2484,3599,2115,342,2336,524,664,1690,1382,1146,543,1405,1373,704,819,1191,2092,812,1312,934,716,2179
G0165,136,24,21,269,3,191,53,0,4,18,142,120,55,239,109,20,14,50,17,0,0,495,251,24
G0166,608,74,846,885,869,312,224,103,154,871,1188,257,192,306,438,160,342,230,1096,368,456,327,299,316
G0167,464,65,1462,800,886,62,308,79,46,426,429,108,191,163,99,319,233,170,100,79,164,379,276,357
G0168,824,527,1244,2136,839,505,319,875,801,1747,2757,1097,279,1713,935,1019,805,377,661,394,959,765,1020,445
G0169,61,170,528,716,432,149,673,88,121,430,120,386,47,224,255,511,88,228,431,51,364,294,346,417
G0170,962,281,901,684,1737,781,369,299,394,561,2090,946,475,1312,934,292,269,404,352,136,589,284,727,793
G0171,1026,482,2083,2913,902,499,1451,379,520,697,1515,1948,444,502,576,1021,584,764,825,420,577,1197,702,824
G0172,31,147,287,423,105,11,14,148,146,261,2,110,202,234,12,30,8,27,200,31,47,70,144,219
G0173,2634,260,2831,5039,2257,1339,2789,942,1277,2688,2159,2717,577,2699,2316,2146,1375,2143,2192,1072,958,940,2000,3639
G0174,1424,295,1905,180,1402,417,1073,601,348,1400,571,789,362,734,654,324,602,475,577,653,364,1090,385,745
G0175,965,258,1036,1109,805,415,881,341,474,2430,1566,958,505,1371,566,864,367,253,1095,522,655,822,666,1025
G0176,228,199,503,217,154,195,109,182,328,544,278,574,264,107,568,418,114,171,224,82,113,85,199,629
G0177,133,161,651,1236,266,176,387,188,126,766,306,93,210,100,488,275,321,271,340,133,407,207,162,333
G0178,1055,412,1056,301,334,229,331,391,493,936,537,599,395,415,597,656,357,120,434,497,149,450,311,602
G0179,160,135,574,473,765,91,166,104,111,66,258,214,325,349,195,260,39,23,314,210,45,141,192,122
G0180,3300,761,2871,2142,2060,898,1700,1086,777,2746,1972,1773,989,1958,2039,1133,920,1783,2429,619,796,1818,1708,1659
G0181,338,99,289,288,639,141,302,266,21,296,403,425,285,234,506,383,38,139,460,66,131,739,139,107
G0182,727,158,1031,1649,554,410,202,182,19,860,833,334,607,806,631,385,175,593,649,171,527,201,348,392
G0183,1261,560,1449,1138,945,218,654,334,462,2600,714,820,407,1372,520,558,479,845,489,376,358,827,597,1536
G0184,538,88,432,226,1206,399,460,203,163,705,473,818,169,311,366,425,258,278,154,211,224,525,742,1483
G0185,189,14,34,32,400,16,111,163,3,10,13,12,46,24,23,3,9,21,3,18,3,10,21,112
G0186,74,30,133,670,63,90,320,112,15,109,336,69,54,113,193,196,30,60,17,54,125,97,90,19
G0187,382,139,201,80,90,108,414,53,14,234,54,352,145,207,77,33,51,102,191,70,78,55,214,289
G0188,1158,95,988,562,777,758,809,547,342,953,736,707,240,608,1035,462,264,418,465,293,207,623,265,168
G0189,1288,203,2661,660,800,209,420,142,331,730,321,987,758,983,618,593,178,501,1075,384,185,516,591,597
G0190,476,157,267,105,590,128,66,163,78,477,503,101,171,254,107,135,69,294,166,68,65,135,412,47
G0191,4615,763,4925,5891,3854,2318,2041,1421,1014,8732,3386,2040,1731,3945,3379,2153,1880,1714,2981,1210,1525,1865,2341,2837
G0192,214,179,1279,451,334,151,370,197,398,402,470,350,50,406,540,32,166,540,370,177,479,153,502,409
G0193,786,57,1146,1110,153,105,1264,204,138,1500,209,1778,157,938,941,518,117,400,368,340,658,355,364,221
G0194,823,106,324,616,182,370,256,89,107,105,211,156,96,270,382,236,37,464,332,135,139,487,156,219
G0195,277,132,511,429,299,105,189,40,60,738,268,188,128,68,316,116,12,323,215,168,81,357,81,160
G0196,47,1,0,1,0,0,4,0,4,27,0,9,33,2,12,119,15,6,3,7,12,39,6,11
G0197,268,170,630,338,165,110,253,151,101,1705,1387,326,53,642,68,200,124,210,79,202,202,478,207,248
G0198,327,47,502,9,740,167,81,45,121,375,664,325,109,416,179,79,118,153,58,46,25,60,231,57
G0199,1131,604,3523,3596,1716,861,2230,1120,1260,7107,3550,2033,1276,2876,2484,1318,983,1351,916,845,1094,1897,1226,1645
G0200,2788,1114,3528,4412,2545,1188,1962,1378,1425,5172,1966,2097,1082,3014,3048,1747,1550,1451,1296,913,915,2484,2009,1455
G0201,1093,316,1434,1331,559,275,302,590,369,1368,1007,784,280,604,614,306,230,263,420,454,431,173,566,848
G0202,483,0,121,88,80,0,21,9,105,11,36,19,143,23,2,89,1,67,1,10,10,1,99,10
G0203,1388,542,1633,1806,880,376,590,268,694,2974,1069,2452,557,1767,1242,1222,675,983,862,437,558,661,774,1540
G0204,19,19,245,171,9,2,166,4,35,5,67,53,55,74,23,81,12,2,142,135,1,259,72,459
G0205,1218,41,623,727,281,566,210,118,373,683,1328,908,434,1735,264,734,158,277,448,184,677,847,674,489
G0206,4214,1654,4076,4260,4099,1776,1188,1153,779,5750,2481,4411,1059,2560,3675,2894,1556,1780,1904,1645,1527,2829,2250,3442
G0207,23,224,224,705,69,95,300,108,61,708,272,66,22,91,355,4,324,38,66,94,27,88,99,52
G0208,250,182,1384,716,288,172,670,88,264,189,137,495,55,302,812,405,398,117,186,118,315,212,362,381
G0209,255,118,382,303,460,381,150,177,9,993,28,468,170,593,90,669,147,519,220,191,8,139,241,500
G0210,562,231,1104,208,644,430,469,70,132,451,118,439,120,781,166,772,327,54,1089,382,311,182,435,949
G0211,1563,517,1845,1052,1754,292,1671,605,419,2749,1503,667,552,1606,1022,368,420,521,524,984,1213,650,2491,572
G0212,1410,864,2147,2025,1414,441,1503,448,502,2079,1928,1257,849,1031,2099,774,830,622,1545,779,1040,1432,1691,771
G0213,407,353,692,1652,559,322,281,281,256,1460,399,647,338,800,1500,805,282,174,457,116,252,752,144,742
G0214,27,147,362,260,44,348,208,72,93,392,202,346,50,259,194,109,44,102,191,140,84,202,294,141
G0215,731,55,326,657,252,99,716,160,34,1355,270,486,190,142,217,362,67,71,428,97,216,113,174,356
G0216,886,198,160,244,163,264,268,168,169,280,493,556,118,248,629,101,152,271,23,78,52,191,225,305
G0217,51,191,2,230,607,242,18,60,5,14,375,28,198,29,56,1,115,44,435,1,178,7,70,191
G0218,257,12,664,374,581,14,144,63,57,1475,150,474,252,103,128,188,210,46,381,30,29,240,181,166
G0219,1046,800,3149,1023,1881,626,997,650,1039,1858,2741,1304,451,1376,902,964,669,1099,485,588,711,1693,619,818
G0220,244,85,157,649,21,61,40,127,29,370,99,32,32,35,470,421,352,143,18,125,234,142,145,7
G0221,8,143,273,190,434,26,198,146,5,63,8,93,2,68,26,12,18,48,18,60,34,2,0,43
G0222,185,74,432,622,336,348,286,14,27,294,124,113,170,558,466,260,70,157,138,45,105,32,68,89
G0223,755,242,732,577,838,629,850,471,145,1095,1092,1733,665,1021,726,711,411,1017,697,250,692,420,727,789
G0224,2924,1930,4615,4797,2596,1474,3842,1272,1532,7032,3463,3332,788,2329,2429,2950,1061,2488,3460,1760,1421,2337,2025,3463
G0225,448,251,392,1437,443,274,654,292,345,571,682,490,133,185,203,654,187,139,471,230,353,219,297,229
G0226,161,74,115,33,807,201,153,51,327,208,133,191,119,194,59,285,125,183,154,301,60,130,210,549
G0227,56,135,47,519,121,66,254,204,52,583,611,173,118,93,253,168,25,136,189,194,233,305,196,54
G0228,39,0,146,1,145,18,29,19,2,28,55,38,12,6,2,0,3,47,0,30,34,100,112,45
G0229,25,15,147,59,3,19,25,76,20,255,103,316,10,22,43,7,21,41,1,2,106,141,9,113
G0230,2325,633,981,1922,665,765,1187,342,247,1383,1512,1685,692,1650,768,580,872,417,808,823,961,712,986,697
G0231,1151,117,178,1254,844,406,893,251,219,1735,1570,964,146,258,1055,292,225,793,896,417,603,745,360,824
G0232,360,194,807,1036,653,342,196,150,106,518,195,713,232,95,304,51,188,202,411,389,268,789,532,625
G0233,887,106,1141,193,832,118,412,255,148,953,128,866,165,910,248,440,258,174,178,225,307,200,167,1035
G0234,1661,648,1773,4546,1195,473,524,1146,141,2850,1366,1054,238,1175,2193,1617,500,1196,432,421,750,899,833,885
G0235,1891,549,2500,1704,1494,1020,1669,406,662,2466,2321,1229,648,2014,1145,1464,777,960,1007,628,507,1670,863,1420
G0236,542,236,275,1695,120,91,517,50,96,129,976,876,491,286,438,462,217,199,137,126,280,601,514,646
G0237,60,8,743,63,387,143,98,84,246,326,279,95,88,287,201,161,23,144,516,39,257,171,380,123
G0238,122,2,7,25,27,74,88,0,3,17,0,173,1,1,1,1,25,5,10,63,1,127,1,0
G0239,25,11,69,123,25,65,113,20,6,139,0,37,14,52,153,2,7,0,34,0,8,241,112,74
G0240,990,367,3319,1221,1013,501,1110,1067,257,2597,2253,1454,410,1081,816,1628,645,925,1381,316,529,1330,286,522
G0241,684,498,867,689,1119,233,173,99,65,1427,1240,582,220,312,706,869,482,791,581,430,135,651,280,1229
G0242,54,7,350,100,205,242,112,30,1,37,139,6,47,5,203,47,75,185,25,4,23,80,21,253
G0243,50,15,215,748,24,35,18,24,130,9,121,32,55,302,244,93,40,94,40,1,32,12,340,2
G0244,817,23,70,136,444,58,96,124,193,243,200,304,35,144,36,102,91,252,242,35,230,187,91,159
G0245,0,0,80,32,0,19,19,2,0,0,3,25,0,1,0,0,0,0,0,15,0,22,0,30
G0246,677,197,1562,934,349,965,211,308,189,1203,754,860,208,629,243,846,120,285,317,91,176,135,509,60
G0247,472,265,233,537,476,366,349,488,215,1042,321,342,431,764,1140,245,190,402,681,370,146,691,560,1028
G0248,62,211,556,518,278,94,178,152,54,454,59,20,78,211,440,263,91,100,312,140,108,113,536,136
G0249,352,431,882,736,879,632,388,218,312,1674,1741,343,144,561,649,238,338,257,523,277,439,738,809,749
G0250,466,625,494,732,1345,387,753,270,254,994,482,815,298,906,1059,1036,463,334,475,229,469,728,655,698
G0251,196,123,942,734,277,310,341,300,175,319,282,246,77,664,478,158,101,229,282,99,368,324,426,320
G0252,194,137,261,111,304,7,18,150,147,583,183,379,37,50,254,277,124,49,181,57,146,352,70,155
G0253,287,42,312,567,159,512,538,460,79,957,160,254,125,291,814,186,349,144,255,72,340,141,265,477
G0254,32,38,405,235,114,21,58,12,15,49,523,206,36,292,373,19,18,53,11,57,112,101,104,435
G0255,542,176,567,452,846,517,843,187,199,1252,873,1065,166,395,1379,109,459,366,121,355,300,223,600,434
G0256,23,7,215,17,85,74,46,30,22,27,12,25,58,2,10,141,13,11,34,49,15,11,181,161
G0257,194,23,123,291,3,121,139,276,17,306,102,369,0,16,289,279,82,46,13,33,265,188,27,27
G0258,2290,561,1444,836,1708,412,1660,733,645,2381,2294,2395,667,1510,1375,956,797,999,1553,491,766,1047,781,1340
G0259,0,0,154,1,2,5,0,2,0,31,394,63,0,0,0,0,25,0,0,7,0,0,0,1
G0260,21,13,318,48,0,60,6,0,0,16,0,0,3,31,22,79,9,113,2,15,69,0,163,20
G0261,174,42,444,221,123,22,139,22,71,739,220,33,28,365,206,274,115,158,265,33,50,113,40,75
G0262,3642,1646,11064,6868,4295,2558,4678,2781,1692,5627,9260,5179,2751,5082,4860,3521,1991,3408,3216,2553,2466,5125,3320,3297
G0263,581,184,97,789,324,365,407,475,152,582,233,509,234,50,664,281,141,191,116,116,109,673,433,108
G0264,1041,310,915,1069,838,319,805,215,368,907,2352,559,376,670,729,573,321,393,548,460,378,859,856,412
G0265,504,77,409,471,195,70,27,80,1,488,47,272,112,77,86,15,33,7,27,17,195,68,240,194
G0266,99,21,253,44,2,154,362,120,3,454,410,913,8,105,198,81,135,94,318,42,90,516,460,499
G0267,8,3,0,229,1,0,13,5,27,14,33,2,6,231,11,104,0,86,41,1,1,171,1,15
G0268,517,123,368,255,107,200,440,146,73,1519,1678,838,388,93,664,478,228,308,205,164,571,229,167,127
G0269,142,29,140,51,242,12,632,18,370,523,302,673,35,273,241,268,11,48,12,278,70,129,9,431
G0270,371,0,124,12,17,0,34,6,38,173,74,208,18,281,192,63,3,224,0,0,18,19,57,89
G0271,394,148,1247,658,669,352,242,329,222,676,720,630,460,443,533,526,231,160,288,41,610,173,147,239
G0272,463,127,895,1658,1235,385,966,236,154,738,1749,617,221,619,1217,403,196,534,253,260,211,510,1063,699
G0273,576,197,393,398,183,72,776,157,279,464,269,1103,25,172,636,271,193,184,161,48,223,113,325,321
G0274,4996,1321,7239,6260,4776,3061,4560,2530,1578,7487,8342,5345,1971,3956,3724,2577,1947,2399,3166,1700,2585,4340,3757,4666
G0275,224,12,372,331,209,74,172,214,146,597,21,199,64,98,701,19,124,280,76,23,15,226,579,342
G0276,557,257,528,707,481,400,526,157,254,1373,423,463,390,313,253,929,306,347,494,460,472,897,531,801
G0277,124,56,6,600,15,27,101,10,82,233,116,15,88,55,54,68,2,0,38,9,54,30,41,37
G0278,6855,646,3217,4398,1948,1545,2480,1698,1686,5489,4099,4146,1303,4116,3846,3393,1673,1283,2356,1082,794,1647,3353,4292
G0279,543,156,1228,396,249,281,245,124,103,265,572,772,221,324,255,247,73,698,754,106,134,306,337,276
G0280,584,298,408,232,172,403,67,224,156,716,838,24,280,186,586,273,195,213,417,172,318,972,594,208
G0281,34,75,411,132,113,43,6,81,71,53,60,97,12,228,400,163,96,129,156,15,123,57,42,117
G0282,87,17,414,58,91,155,161,1,96,7,103,167,91,308,575,57,20,17,42,114,143,17,47,137
G0283,248,33,358,193,328,37,31,35,1,4,83,26,36,12,2,47,1,27,323,28,11,13,9,25
G0284,109,36,210,109,45,10,66,37,7,174,130,25,14,7,40,5,96,77,34,40,130,9,10,248
G0285,23252,9273,24458,32142,15431,11746,17436,10864,6126,28618,19911,15552,9724,22329,16031,12545,10926,10793,14088,7481,9989,20261,19861,25029
G0286,75,86,189,165,79,98,188,174,116,321,145,175,109,99,228,79,45,156,72,137,42,46,48,136
G0287,105,0,15,6,2,0,96,107,63,161,34,44,1,163,9,37,7,24,72,26,46,18,34,11
G0288,758,185,843,493,200,489,166,150,257,619,575,416,241,810,1305,209,177,353,346,81,38,154,126,539
G0289,1328,396,1746,842,1299,579,555,1274,852,1995,1118,1184,631,1097,1452,1245,352,618,1118,660,476,1157,1127,609
G0290,203,79,43,279,161,63,179,291,148,11,263,375,164,76,178,16,167,240,361,32,41,533,53,297
G0291,120,99,807,716,54,89,789,178,43,345,350,784,56,638,429,588,134,32,148,108,23,321,92,571
G0292,1126,483,2091,620,1841,242,1127,1122,369,1534,1200,440,326,2124,885,1111,393,1318,855,299,571,660,784,1286
G0293,1077,86,1447,1400,1238,747,448,584,141,1837,2258,764,622,1453,1409,825,245,447,686,359,407,428,943,1147
G0294,682,218,911,829,523,360,301,462,140,303,53,396,401,393,546,346,201,41,741,192,180,1177,290,496
G0295,788,405,1144,924,767,263,1028,335,448,791,1358,309,416,368,964,718,288,446,1244,442,369,232,776,603
G0296,16,59,271,190,485,21,597,175,132,335,296,181,204,281,977,350,141,84,237,156,97,74,311,199
G0297,7999,2972,9731,9839,6987,3388,6507,3000,3025,9743,10707,7405,3170,5660,9329,5162,2238,4262,3183,2435,5925,3998,6069,5102
G0298,0,0,0,0,0,3,0,0,0,0,0,0,0,0,1,0,0,0,0,11,3,0,0,0
G0299,848,206,1789,1350,671,329,319,254,389,913,422,263,308,567,196,1311,117,259,567,180,678,360,666,233
G0300,554,135,952,324,467,364,555,472,384,429,583,380,263,583,220,710,194,498,396,43,245,688,861,580
G0301,26,3,0,66,0,31,39,2,7,20,0,60,0,0,0,168,29,52,61,2,11,36,112,202
G0302,1660,960,1455,1794,2634,758,1541,1237,950,4808,4131,3737,1012,975,2170,1177,527,995,1949,756,1595,1736,1052,1209
G0303,1401,554,3796,3526,1685,1285,2225,410,789,3073,2995,2636,872,1263,2161,971,885,1501,1491,1003,1387,1975,1336,1537
G0304,58,9,77,190,317,8,147,15,66,213,90,45,42,134,75,10,1,52,69,5,69,0,4,186
G0305,70,55,121,43,207,73,320,111,68,18,348,124,28,600,322,23,103,122,118,24,10,49,29,134
G0306,13,137,23,92,90,200,38,23,18,69,113,48,24,77,40,7,28,50,109,102,377,424,940,1005
G0307,17,0,141,184,0,1,0,0,0,11,64,0,0,10,29,30,89,35,3,23,3,21,0,0
G0308,931,119,1093,946,1021,1000,759,636,419,1251,743,1149,515,288,744,582,192,337,368,163,179,375,873,866
G0309,756,631,2746,2680,1194,440,2636,851,593,4594,2771,3387,642,869,1039,1221,538,1386,1309,521,769,1598,1796,3526
G0310,2,0,0,36,0,0,0,0,0,0,6,29,0,0,0,0,3,1,1,0,0,0,0,0
G0311,131,113,701,451,443,96,332,375,123,946,566,382,82,322,165,238,141,208,150,194,111,142,560,86
G0312,1481,408,1010,937,1486,1098,1232,582,174,3837,1119,700,644,776,848,719,786,824,837,775,692,1201,1297,985
G0313,475,88,915,870,466,373,736,398,275,2046,298,354,410,757,629,548,86,360,677,276,456,385,568,451
G0314,336,39,401,871,366,270,240,121,253,15,461,384,118,447,297,347,228,47,155,44,274,99,662,114
G0315,205,62,777,861,402,76,182,362,77,477,476,184,313,325,94,534,258,53,245,319,27,835,54,153
G0316,4150,2942,2585,5237,5034,1663,3454,1891,2305,3274,4552,5434,1431,3940,1629,2120,1959,1621,3346,1153,2218,3621,3232,3678
G0317,0,0,45,0,0,0,22,0,0,0,0,0,0,4,0,4,0,0,0,0,0,1,31,0
G0318,30,20,99,80,47,39,52,28,57,35,425,67,257,170,1,23,11,27,111,36,28,1,43,0
G0319,217,103,627,659,538,201,266,8,235,288,507,529,102,221,148,163,38,242,125,70,127,106,599,78
G0320,213,29,274,103,120,116,67,97,64,234,17,101,18,163,189,59,11,390,21,62,84,68,40,15
G0321,474,52,427,126,397,310,332,287,245,527,119,681,55,624,48,308,63,474,199,313,434,258,432,498
G0322,1042,348,1035,1020,1002,450,1331,603,201,2129,721,697,366,665,1650,761,359,713,753,536,437,2149,1186,968
G0323,837,193,683,696,901,362,852,335,438,1034,997,655,233,1330,580,896,253,302,1093,128,594,598,736,1262
G0324,1221,147,181,617,334,312,269,120,127,660,506,577,153,312,154,71,94,129,629,330,292,805,72,780
G0325,2926,784,3326,2428,1081,1274,2785,811,1716,4467,4622,3181,1029,3326,3304,1918,840,1074,2260,1022,1036,1482,2881,833
G0326,2279,790,2624,3120,1340,896,3364,1318,610,4112,2971,3806,1243,2176,1876,2392,988,761,1827,532,1656,3176,1896,1471
G0327,189,71,2,16,52,63,7,23,170,5,17,71,0,75,158,240,20,3,42,0,0,76,41,2
G0328,1921,998,2229,2506,1640,902,1914,810,369,2774,1980,2660,583,2128,1461,1889,1072,802,2062,1448,1885,1503,2154,3404
G0329,16,50,623,88,294,140,67,479,190,105,256,396,13,10,233,333,37,105,192,54,133,41,256,282
G0330,49,81,3,159,2,18,232,1,50,10,597,58,26,5,123,1,40,6,3,78,2,24,195,283
G0331,124,196,428,954,295,88,150,64,77,874,568,274,369,558,253,493,284,116,152,229,140,291,169,115
G0332,0,23,1,20,169,130,220,21,36,0,32,6,0,18,5,0,333,17,0,11,0,4,208,14
G0333,162,20,370,552,316,297,306,66,88,834,218,172,332,322,420,100,86,256,75,109,69,39,13,39
G0334,531,17,81,162,10,96,16,210,3,224,110,84,115,7,267,1,87,54,145,5,20,204,8,316
G0335,2785,332,1683,1892,2784,1027,1928,759,803,1901,3035,1740,901,1702,2185,1280,1166,1848,1299,901,2388,2395,1057,1836
G0336,1593,648,2815,1792,1519,685,2079,965,800,2751,1662,4641,757,1825,2270,745,440,848,700,746,1035,872,1474,1374
G0337,57,43,29,165,451,169,169,42,157,926,371,50,101,668,199,273,190,221,83,205,397,717,226,131
G0338,0,5,63,68,43,35,230,3,88,1018,5,43,5,85,281,72,8,52,3,10,123,35,83,58
G0339,83,19,195,47,321,78,210,210,133,128,577,228,21,30,106,158,86,63,30,40,254,107,217,160
G0340,20,175,96,238,66,142,346,160,20,43,213,180,151,168,54,99,88,105,84,88,37,225,17,499
G0341,2524,439,818,1909,962,704,346,495,781,1461,1380,584,710,1641,1675,573,347,499,825,453,642,819,714,1395
G0342,135,55,1044,842,839,479,387,333,155,535,305,584,81,513,473,302,224,322,502,98,106,255,132,761
G0343,771,256,1061,989,1057,386,339,382,419,1988,1430,649,321,1488,794,1472,239,730,542,215,573,658,720,1588
G0344,2328,510,1274,2124,2263,946,1359,497,441,2898,2228,1198,696,660,1536,1543,473,904,652,760,1011,911,605,1544
G0345,1658,786,1714,1582,2401,542,1376,1338,376,3257,2857,1523,638,1432,1796,1028,636,1133,1214,828,747,1285,2059,942
G0346,941,327,1121,1010,2002,834,561,538,554,1752,1794,1639,814,1604,857,1313,528,536,862,349,595,310,1278,787
G0347,1692,420,2314,1182,855,287,1035,857,488,1030,812,483,269,665,1252,533,594,376,439,591,875,1064,281,790
G0348,49,28,227,99,456,122,83,19,6,375,170,350,91,81,101,6,235,10,17,123,79,12,66,151
G0349,28,48,127,320,79,6,37,1,36,3,314,1,102,1,1,166,7,47,1,22,2,82,3,29
G0350,55,269,573,505,79,31,544,296,60,781,179,154,95,137,456,182,34,678,293,198,366,410,120,652
G0351,668,472,1373,1276,1082,423,1277,921,542,1746,1670,895,298,885,1233,685,446,448,242,537,548,970,958,1068
G0352,463,271,569,605,585,100,784,141,116,681,234,396,261,1130,396,57,69,576,16,286,80,207,254,167
G0353,845,220,580,276,127,587,857,27,179,1207,203,454,220,381,927,152,152,9,173,96,148,272,438,405
G0354,1630,652,1598,1547,3473,1070,1181,702,745,3336,3153,1618,758,980,725,599,568,1711,1334,920,718,2853,1002,1456
G0355,386,77,797,238,168,7,150,35,51,299,1,116,31,168,622,60,54,128,57,6,5,81,37,3
G0356,844,270,521,625,1304,451,1418,696,335,534,1006,1117,209,639,509,692,390,437,1059,591,593,910,1191,890
G0357,857,91,107,5,216,15,74,92,229,132,209,220,1,6,147,97,50,127,41,1,524,262,58,154
G0358,38,2,57,22,31,1,0,23,1,615,56,44,32,38,13,31,215,110,82,82,2,3,0,46
G0359,120,84,660,210,60,23,241,108,75,220,349,58,27,90,128,44,72,149,194,243,366,131,334,68
G0360,15,51,129,183,289,120,145,89,98,200,677,56,45,227,186,118,121,251,111,59,46,276,251,462
G0361,668,463,530,173,160,289,348,197,158,359,291,291,67,398,185,600,137,277,434,89,96,299,456,442
G0362,203,144,7,206,59,93,45,44,14,166,172,88,21,57,11,353,35,30,38,8,178,77,122,111
G0363,1248,382,778,296,1424,283,397,365,147,1180,425,410,368,408,505,774,582,322,421,270,310,440,315,514
G0364,1300,425,2726,1328,1362,335,1079,557,340,3330,2492,803,293,1136,556,682,328,630,736,786,603,650,448,1209
G0365,1,3,3,72,0,16,0,23,2,108,103,13,13,5,1,55,1,1,11,7,12,3,86,88
G0366,335,116,237,584,672,100,169,344,202,2484,204,706,160,360,141,33,49,53,136,26,185,992,51,192
G0367,1421,267,972,1831,900,525,271,1193,495,1020,1098,1000,525,944,834,476,350,655,769,571,400,788,719,1240
G0368,180,19,159,9,0,44,2,4,80,2,281,3,0,7,34,0,17,23,3,36,38,56,1,27
G0369,232,26,198,284,226,51,244,96,45,8,123,38,3,2,21,73,14,126,308,30,134,83,271,143
G0370,147,140,284,326,558,79,479,451,277,181,684,851,27,622,434,135,228,132,358,105,76,299,65,139
G0371,4,35,1,1,169,59,0,8,189,161,351,126,1,114,315,54,55,40,0,0,0,41,42,138
G0372,405,17,1,488,16,79,47,27,3,138,2,8,2,3,0,0,81,35,36,34,6,3,5,60
G0373,88,70,372,265,324,113,257,520,75,597,74,204,99,382,342,24,113,221,68,129,30,112,202,24
G0374,1159,196,2565,926,1123,438,156,243,160,1580,562,561,390,573,1467,667,162,413,610,145,400,387,345,410
G0375,6,6,125,0,2,35,47,39,104,362,174,4,2,20,21,0,2,42,3,2,43,29,1,2
G0376,2439,1122,3022,1846,1327,1323,951,684,1327,3752,2617,1984,448,2702,2098,1117,877,1491,1119,946,1116,1691,2132,1648
G0377,0,0,10,3,40,29,31,14,109,230,325,128,54,48,139,0,8,2,169,1,0,47,0,32
G0378,482,90,384,311,122,102,172,461,177,358,256,137,216,168,300,579,84,121,236,216,70,671,53,63
G0379,180,339,1245,96,172,626,140,100,229,325,266,442,5,445,120,43,352,203,239,149,229,261,33,526
G0380,45,57,254,157,246,9,63,64,7,345,477,291,5,164,3,18,45,88,59,61,13,38,52,9
G0381,1061,153,494,362,740,293,47,45,22,321,132,109,96,329,695,1610,230,154,287,115,44,125,61,117
G0382,1566,146,2272,1274,261,350,266,141,200,293,662,275,417,298,459,166,177,338,41,335,116,90,560,333
G0383,54,141,81,39,18,31,33,21,15,36,1,17,38,14,9,3,11,14,14,60,2,48,181,7
G0384,413,144,363,1350,464,380,584,518,260,1912,593,310,353,362,1215,727,236,337,421,286,311,311,390,694
G0385,97,65,592,459,469,160,509,155,58,305,1080,285,63,224,420,261,76,67,423,89,101,97,148,344
G0386,645,113,504,345,748,243,211,583,38,591,332,674,153,763,529,306,79,210,301,111,205,394,544,160
G0387,1844,155,1233,1228,182,523,531,674,385,1664,474,714,250,752,792,499,243,452,741,147,566,202,516,314
G0388,282,26,98,55,809,171,186,415,67,190,41,706,240,128,50,13,5,132,64,5,64,464,104,120
G0389,1357,652,1005,498,694,283,260,352,208,779,1018,534,282,912,607,580,149,436,289,455,531,782,381,267
G0390,761,196,726,1153,894,565,644,373,680,3736,3021,750,275,733,397,321,201,415,602,574,679,906,1675,590
G0391,1117,411,1647,1615,601,568,344,248,316,2526,556,890,443,807,703,784,463,207,671,426,803,901,623,1479
G0392,2902,338,2053,917,2713,1083,1157,1090,429,1195,1630,1563,708,1518,1200,805,621,951,889,676,889,1970,963,2000
G0393,160,22,300,512,108,11,186,38,135,780,393,241,139,425,102,23,126,123,357,26,10,192,437,213
G0394,2272,309,2617,3062,1193,923,1732,354,194,1500,2305,1344,759,1656,1659,1276,691,974,914,706,689,959,909,1575
G0395,1835,404,2128,2186,1382,215,719,963,659,2336,3680,885,923,587,1619,470,440,787,910,423,490,873,1592,2624
G0396,422,51,460,104,480,74,240,51,58,202,186,231,39,411,63,642,102,107,45,279,61,469,141,327
G0397,2585,677,3164,2106,1753,1970,1435,664,502,5823,4502,2840,762,2367,1408,1914,1335,2354,1389,806,1453,2140,2262,2656
G0398,265,37,183,451,362,36,168,110,66,35,120,13,57,192,307,215,256,69,16,20,5,63,74,143
G0399,1358,149,1158,889,906,493,318,352,635,1750,1108,1731,261,1150,945,617,710,516,310,417,783,1026,694,593
G0400,546,117,626,746,618,323,436,141,41,810,324,1416,69,959,204,112,211,174,52,74,309,874,130,466
G0401,328,213,278,636,472,379,495,166,119,593,347,649,215,161,1065,193,113,233,110,118,146,602,904,500
G0402,885,60,164,968,227,430,545,293,408,227,1478,199,290,548,478,213,108,301,196,281,335,327,241,380
G0403,461,410,442,617,343,236,282,200,103,504,170,233,232,245,250,94,78,150,720,38,56,205,881,351
G0404,31,20,314,0,184,1,4,6,11,217,6,40,53,195,31,34,15,43,2,0,0,40,0,103
G0405,247,178,420,808,1649,157,155,70,299,290,477,272,210,456,989,68,180,325,370,194,95,86,145,91
G0406,231,0,104,35,1,41,0,84,27,233,29,289,0,20,30,33,8,0,3,42,91,38,36,33
G0407,2644,874,1749,2432,2482,1569,822,1494,703,2086,2253,1279,444,1185,1848,1213,589,972,1394,407,526,1073,2743,1024
G0408,252,86,164,170,568,10,53,324,48,398,1231,186,257,96,200,101,129,281,42,153,103,222,351,70
G0409,3129,1437,3454,5844,5202,2247,4176,2115,1528,6215,8527,2903,1597,4805,2075,2799,2450,2861,3703,1349,3082,4160,4062,4607
G0410,800,469,1790,1500,235,480,403,175,204,213,1876,845,309,324,1142,319,101,353,424,407,434,504,768,365
G0411,473,296,1011,974,191,477,140,435,174,777,1036,1211,205,387,639,155,97,98,234,117,607,549,514,274
G0412,406,67,701,720,305,244,589,332,152,548,720,687,278,611,433,389,76,626,397,178,177,652,779,649
G0413,395,0,20,23,0,18,63,0,108,18,16,10,18,265,35,3,0,81,71,5,67,47,5,76
G0414,366,600,1020,2232,556,334,505,192,215,1684,628,623,608,635,705,534,313,671,716,104,290,205,154,733
G0415,1409,425,1704,1063,1764,255,789,833,684,5380,1444,1179,694,1312,976,658,481,459,1002,706,1343,1935,1256,1219
G0416,257,1,96,666,200,26,189,4,80,200,169,89,8,149,10,18,19,34,8,31,5,221,170,234
G0417,521,63,320,456,188,212,219,48,184,427,362,293,110,108,313,252,41,157,159,97,29,80,431,644
G0418,516,124,492,319,479,135,55,73,81,513,83,372,153,288,571,113,141,94,179,188,180,557,113,12
G0419,84,84,173,72,490,198,144,63,64,787,57,672,10,161,136,59,68,48,165,17,80,128,106,246
G0420,94,184,189,252,109,148,106,38,12,45,23,97,57,30,370,49,17,72,0,52,57,91,85,55
G0421,71,108,795,78,95,241,199,68,201,99,551,381,74,287,111,233,27,114,377,153,77,569,144,69
G0422,808,186,180,762,351,930,61,125,87,114,462,267,165,456,727,79,110,336,191,143,253,287,810,615
G0423,61,104,122,150,1,51,194,23,5,735,8,5,183,92,7,375,214,1,15,1,39,98,32,11
G0424,0,0,0,28,125,0,16,2,0,0,0,0,0,75,0,1,14,0,0,15,3,0,2,0
G0425,105,100,36,239,38,167,38,54,79,36,16,64,3,29,42,146,13,163,2,8,18,77,188,85
G0426,4355,2576,4505,4400,5636,2217,2956,2120,1185,6193,4450,3199,1983,5117,4626,3368,1186,3772,1724,1025,1492,2905,3236,2364
G0427,24,23,29,0,13,0,27,30,2,2,230,246,16,61,304,52,0,6,71,54,4,38,6,36
G0428,332,105,359,776,92,199,129,202,174,540,643,197,361,252,129,210,210,90,219,71,258,377,125,429
G0429,482,229,2861,1390,870,638,437,1097,568,1075,1469,1242,270,1817,558,637,415,1237,1001,530,779,300,1137,1250
G0430,551,158,855,1368,962,356,227,236,186,958,683,1825,366,1191,879,390,292,462,573,332,828,572,979,1386
G0431,885,552,2696,1605,2026,916,1177,517,1138,2145,842,1613,533,1304,959,819,310,749,267,606,625,1258,579,1308
G0432,61,12,4,20,0,1,0,0,118,323,0,0,8,12,489,0,0,160,19,4,8,2,22,82
G0433,2666,1544,2200,4224,3353,1535,1752,894,679,3441,4854,3429,869,1808,3317,1583,814,765,910,1443,1919,1589,1900,2498
G0434,2958,588,1681,1856,1048,936,1320,713,573,2353,1741,1393,859,802,2251,1190,1154,518,1088,1124,1023,2806,929,1053
G0435,0,0,18,20,5,40,72,4,281,90,15,89,3,24,39,30,0,6,60,73,48,1,90,31
G0436,2261,519,2625,1622,2359,1059,2094,774,795,6291,4697,2412,991,1333,2028,454,1105,1530,3110,849,1770,1890,2076,1179
G0437,28,24,59,56,265,13,50,3,40,154,56,179,28,194,350,125,12,63,226,89,49,306,178,203
G0438,52,76,13,306,9,194,86,161,16,453,251,378,174,239,189,314,112,330,305,15,138,71,83,33
G0439,1955,419,1695,2497,1521,1240,683,876,494,1546,1125,1817,397,1090,2417,603,771,253,567,217,572,593,991,1277
G0440,41,63,335,738,1,63,518,4,19,240,144,220,14,7,182,209,18,103,308,26,122,167,86,1
G0441,385,122,112,58,380,55,133,80,51,310,239,580,185,71,270,299,122,77,225,157,240,348,232,158
G0442,793,375,813,1109,480,520,1387,593,401,1104,819,416,333,1127,1150,284,375,646,453,357,840,311,694,1047
G0443,736,180,243,337,356,65,353,16,90,473,371,138,56,262,282,334,191,168,120,174,71,434,63,254
G0444,3072,1093,4434,2448,3113,813,2177,1787,769,2053,4523,2013,1483,2663,2253,1832,968,1924,2280,784,1145,1784,1799,1478
G0445,411,56,110,242,203,51,4,123,79,267,130,75,38,124,155,365,147,93,103,9,8,20,81,224
G0446,2480,663,4039,3166,3061,1621,3184,906,845,4210,2289,1245,1435,2006,1362,1711,807,886,1058,1028,1754,1972,2822,1802
G0447,1259,236,1900,1634,1217,511,1035,1268,751,1798,1857,1767,485,1201,1501,735,673,599,1888,593,1119,691,770,1250
G0448,254,27,113,136,370,22,152,135,74,760,261,224,160,323,304,366,143,334,38,89,33,87,115,236
G0449,5048,827,5007,6222,5240,2209,2832,1234,1062,5311,3848,3665,1333,4219,4906,2329,1550,1724,3478,1202,1776,2379,1982,1910
G0450,1240,377,809,807,925,588,916,768,512,1449,1857,1676,1146,1404,702,1679,559,1431,316,805,833,1298,494,1942
G0451,0,21,4,100,0,1,1,0,17,169,48,196,8,1,0,1,7,1,0,0,0,0,0,0
G0452,345,185,58,481,306,102,93,424,43,238,562,456,159,731,151,521,217,401,259,64,200,100,178,280
G0453,273,112,11,127,8,55,90,82,40,208,1,32,35,3,3,32,16,57,9,0,22,99,8,12
G0454,624,120,241,719,608,131,334,265,226,1168,1235,253,174,536,1089,287,482,339,676,88,717,507,325,964
G0455,834,302,1067,789,1247,218,395,420,200,1985,881,573,126,635,425,269,148,407,595,318,246,447,853,686
G0456,535,42,776,557,367,465,288,222,140,140,289,476,218,264,404,317,196,386,92,92,279,97,403,183
G0457,829,243,693,472,328,93,178,70,188,50,253,314,143,93,47,248,29,307,287,290,183,106,284,145
G0458,249,6,539,517,583,140,78,168,98,914,441,593,148,317,458,493,140,73,1236,94,106,37,141,251
G0459,346,152,220,278,1057,96,117,100,136,277,102,72,177,635,141,12,164,302,180,62,64,128,337,101
G0460,83,8,250,422,558,10,73,69,201,655,402,66,37,81,323,293,11,56,229,180,126,45,400,97
G0461,64,47,43,11,187,154,210,408,36,334,985,188,19,88,149,66,9,37,30,58,145,99,91,688
G0462,615,217,319,636,365,197,274,131,101,523,181,212,186,545,857,735,95,510,105,121,154,81,245,334
G0463,0,5,182,2,8,0,27,109,47,14,220,3,1,52,34,2,5,137,23,4,1,0,297,102
G0464,35,34,83,41,38,1,5,0,0,45,24,434,0,131,7,18,16,0,0,0,70,306,11,74
G0465,25,0,106,14,15,64,0,0,7,2,308,230,64,12,81,0,46,13,42,43,43,17,2,3
G0466,1459,643,3705,910,869,865,1072,1369,618,2340,1402,1186,832,1120,923,1054,889,281,872,393,776,829,1107,2245
G0467,938,215,563,946,1091,342,1039,485,318,2057,271,782,304,493,309,669,170,466,417,224,810,544,871,913
G0468,285,73,178,493,171,149,157,225,84,609,251,361,41,181,227,330,75,87,85,15,146,126,117,234
G0469,3506,916,9364,3983,3644,1909,4441,2521,1436,4437,8381,4839,2000,2900,4447,2700,1328,1909,2300,1691,2149,4203,3930,4563
G0470,4,24,2,0,24,0,80,0,19,8,0,9,2,0,16,37,12,1,4,55,25,2,0,2
G0471,765,18,41,470,207,96,205,55,0,169,88,248,245,38,101,79,70,115,65,153,53,29,141,145
G0472,352,22,35,286,237,87,51,196,80,515,146,94,18,445,166,292,160,200,183,322,165,172,370,60
G0473,265,130,340,166,229,136,494,41,115,373,1168,108,29,76,308,293,111,29,115,49,74,148,541,60
G0474,624,128,462,533,416,334,354,253,172,531,1386,181,334,559,209,205,157,302,49,90,432,580,89,451
G0475,0,8,36,1,1,0,0,26,32,204,3,191,0,28,0,0,0,0,1,53,10,3,19,64
G0476,883,255,769,960,167,426,498,286,135,198,473,84,362,263,325,295,247,299,709,142,120,381,268,283
G0477,40,39,244,4,4,192,127,42,34,85,2,189,24,41,1,22,6,1,24,0,35,9,27,34
G0478,594,166,218,106,208,112,798,65,107,143,661,226,65,83,298,487,135,116,317,219,150,258,184,351
G0479,1718,598,842,638,387,504,701,335,209,950,736,452,354,654,1233,357,210,161,388,598,179,485,473,583
G0480,1335,204,750,1138,872,430,435,184,528,1532,756,593,221,1068,705,246,295,294,353,334,625,245,699,906
G0481,5,0,36,87,56,94,24,18,5,330,11,5,10,95,12,28,66,5,123,5,43,4,33,39
G0482,9,65,23,1,62,5,2,44,15,245,156,29,33,44,164,1,105,0,19,124,12,22,2,67
G0483,96,122,211,171,316,30,116,154,108,943,337,37,98,398,294,63,93,349,44,19,23,97,102,178
G0484,340,112,850,470,246,234,420,229,183,1610,933,619,320,364,317,216,120,346,456,234,261,462,460,911
G0485,609,18,162,349,203,129,123,104,124,16,354,278,98,346,133,127,333,183,158,107,7,140,197,284
G0486,1403,361,519,1362,744,470,385,184,400,911,816,754,155,590,1622,532,249,222,700,498,150,879,507,225
G0487,57,17,13,25,45,7,54,50,36,75,11,53,3,6,28,19,13,0,161,20,23,47,103,27
G0488,92,12,168,303,51,56,48,57,39,466,94,142,49,40,395,68,171,49,16,67,162,54,182,247
G0489,351,170,261,147,96,93,634,180,60,392,74,145,128,227,205,234,241,172,229,198,40,213,278,92
G0490,17,26,47,216,148,180,42,0,99,327,137,1,15,45,68,39,267,39,311,36,16,135,55,148
G0491,1206,490,1269,1623,1317,1652,772,740,524,1958,1031,832,939,1591,1157,992,599,1116,1211,232,1118,981,2440,1140
G0492,103,5,3,5,37,23,81,3,355,81,292,0,17,50,6,12,18,15,5,1,0,1,188,0
G0493,13,18,188,344,12,20,127,40,195,252,151,78,28,357,98,134,78,91,152,82,336,138,188,31
G0494,191,31,218,119,240,140,124,175,16,31,129,64,53,741,271,382,48,66,288,21,213,112,305,193
G0495,265,374,1071,329,680,250,409,457,258,931,584,276,66,355,103,281,267,167,268,299,147,389,400,33
G0496,897,533,1414,1872,848,511,1137,385,295,1864,2850,1194,420,1143,1231,1633,376,390,454,396,779,616,731,920
G0497,619,799,1673,1902,990,553,1111,604,270,1430,576,586,189,600,1337,1598,304,320,921,465,716,1146,999,2245
G0498,827,40,102,1124,355,332,321,28,46,96,155,538,77,424,221,553,22,341,372,202,241,403,389,396
G0499,598,111,2096,145,674,135,402,222,216,290,1115,387,201,370,398,368,244,221,536,168,655,455,1201,1327
G0500,162,184,63,1014,129,123,89,99,261,239,513,444,28,248,80,10,92,44,131,77,138,231,91,254
